/*
SQLyog Ultimate v12.4.3 (64 bit)
MySQL - 10.1.43-MariaDB-0ubuntu0.18.04.1 : Database - penjualan
*********************************************************************
*/

/*!40101 SET NAMES utf8 */;

/*!40101 SET SQL_MODE=''*/;

/*!40014 SET @OLD_UNIQUE_CHECKS=@@UNIQUE_CHECKS, UNIQUE_CHECKS=0 */;
/*!40014 SET @OLD_FOREIGN_KEY_CHECKS=@@FOREIGN_KEY_CHECKS, FOREIGN_KEY_CHECKS=0 */;
/*!40101 SET @OLD_SQL_MODE=@@SQL_MODE, SQL_MODE='NO_AUTO_VALUE_ON_ZERO' */;
/*!40111 SET @OLD_SQL_NOTES=@@SQL_NOTES, SQL_NOTES=0 */;
CREATE DATABASE /*!32312 IF NOT EXISTS*/`penjualan` /*!40100 DEFAULT CHARACTER SET utf8mb4 */;

USE `penjualan`;

/*Table structure for table `invoice_details` */

DROP TABLE IF EXISTS `invoice_details`;

CREATE TABLE `invoice_details` (
  `id` bigint(20) unsigned NOT NULL AUTO_INCREMENT,
  `invoice_id` bigint(20) unsigned NOT NULL,
  `product_id` bigint(20) unsigned NOT NULL,
  `total` int(11) NOT NULL,
  `base_cost` int(11) NOT NULL,
  `total_base_cost` int(11) NOT NULL,
  `price` int(11) NOT NULL,
  `total_price` int(11) NOT NULL,
  `created_at` timestamp NULL DEFAULT NULL,
  `updated_at` timestamp NULL DEFAULT NULL,
  PRIMARY KEY (`id`),
  KEY `invoice_details_invoice_id_foreign` (`invoice_id`),
  KEY `invoice_details_product_id_foreign` (`product_id`),
  CONSTRAINT `invoice_details_invoice_id_foreign` FOREIGN KEY (`invoice_id`) REFERENCES `invoices` (`id`),
  CONSTRAINT `invoice_details_product_id_foreign` FOREIGN KEY (`product_id`) REFERENCES `products` (`id`)
) ENGINE=InnoDB AUTO_INCREMENT=474 DEFAULT CHARSET=utf8mb4 COLLATE=utf8mb4_unicode_ci;

/*Data for the table `invoice_details` */

insert  into `invoice_details`(`id`,`invoice_id`,`product_id`,`total`,`base_cost`,`total_base_cost`,`price`,`total_price`,`created_at`,`updated_at`) values 
(1,1,40,3,34000,102000,44200,132600,'2019-12-27 12:12:50','2019-12-27 12:12:50'),
(2,2,8,5,33000,165000,42900,214500,'2019-12-27 12:12:50','2019-12-27 12:12:50'),
(3,2,2,2,33000,66000,42900,85800,'2019-12-27 12:12:50','2019-12-27 12:12:50'),
(4,3,14,3,30000,90000,39000,117000,'2019-12-27 12:12:50','2019-12-27 12:12:50'),
(5,3,50,5,35000,175000,45500,227500,'2019-12-27 12:12:50','2019-12-27 12:12:50'),
(6,4,25,2,31000,62000,40300,80600,'2019-12-27 12:12:50','2019-12-27 12:12:50'),
(7,4,6,2,31000,62000,40300,80600,'2019-12-27 12:12:50','2019-12-27 12:12:50'),
(8,4,26,4,30000,120000,39000,156000,'2019-12-27 12:12:50','2019-12-27 12:12:50'),
(9,5,21,3,32000,96000,41600,124800,'2019-12-27 12:12:50','2019-12-27 12:12:50'),
(10,6,27,5,33000,165000,42900,214500,'2019-12-27 12:12:50','2019-12-27 12:12:50'),
(11,6,28,2,31000,62000,40300,80600,'2019-12-27 12:12:50','2019-12-27 12:12:50'),
(12,6,39,5,34000,170000,44200,221000,'2019-12-27 12:12:50','2019-12-27 12:12:50'),
(13,7,11,5,32000,160000,41600,208000,'2019-12-27 12:12:50','2019-12-27 12:12:50'),
(14,8,3,5,32000,160000,41600,208000,'2019-12-27 12:12:50','2019-12-27 12:12:50'),
(15,8,46,5,31000,155000,40300,201500,'2019-12-27 12:12:50','2019-12-27 12:12:50'),
(16,9,21,4,32000,128000,41600,166400,'2019-12-27 12:12:50','2019-12-27 12:12:50'),
(17,10,40,4,34000,136000,44200,176800,'2019-12-27 12:12:50','2019-12-27 12:12:50'),
(18,10,30,4,30000,120000,39000,156000,'2019-12-27 12:12:50','2019-12-27 12:12:50'),
(19,11,47,5,34000,170000,44200,221000,'2019-12-27 12:12:50','2019-12-27 12:12:50'),
(20,11,49,5,32000,160000,41600,208000,'2019-12-27 12:12:50','2019-12-27 12:12:50'),
(21,11,29,2,33000,66000,42900,85800,'2019-12-27 12:12:50','2019-12-27 12:12:50'),
(22,12,13,4,35000,140000,45500,182000,'2019-12-27 12:12:50','2019-12-27 12:12:50'),
(23,13,46,2,31000,62000,40300,80600,'2019-12-26 12:12:50','2019-12-26 12:12:50'),
(24,13,50,3,35000,105000,45500,136500,'2019-12-26 12:12:50','2019-12-26 12:12:50'),
(25,14,6,5,31000,155000,40300,201500,'2019-12-26 12:12:50','2019-12-26 12:12:50'),
(26,14,24,2,30000,60000,39000,78000,'2019-12-26 12:12:50','2019-12-26 12:12:50'),
(27,15,19,4,30000,120000,39000,156000,'2019-12-26 12:12:50','2019-12-26 12:12:50'),
(28,15,6,5,31000,155000,40300,201500,'2019-12-26 12:12:50','2019-12-26 12:12:50'),
(29,16,3,1,32000,32000,41600,41600,'2019-12-26 12:12:50','2019-12-26 12:12:50'),
(30,16,44,4,31000,124000,40300,161200,'2019-12-26 12:12:50','2019-12-26 12:12:50'),
(31,17,16,1,35000,35000,45500,45500,'2019-12-25 12:12:50','2019-12-25 12:12:50'),
(32,18,18,3,35000,105000,45500,136500,'2019-12-25 12:12:50','2019-12-25 12:12:50'),
(33,19,30,4,30000,120000,39000,156000,'2019-12-25 12:12:50','2019-12-25 12:12:50'),
(34,19,36,1,33000,33000,42900,42900,'2019-12-25 12:12:50','2019-12-25 12:12:50'),
(35,19,43,1,33000,33000,42900,42900,'2019-12-25 12:12:50','2019-12-25 12:12:50'),
(36,20,21,1,32000,32000,41600,41600,'2019-12-25 12:12:50','2019-12-25 12:12:50'),
(37,20,38,1,35000,35000,45500,45500,'2019-12-25 12:12:50','2019-12-25 12:12:50'),
(38,20,23,1,35000,35000,45500,45500,'2019-12-25 12:12:50','2019-12-25 12:12:50'),
(39,21,15,4,30000,120000,39000,156000,'2019-12-25 12:12:50','2019-12-25 12:12:50'),
(40,22,25,3,31000,93000,40300,120900,'2019-12-24 12:12:50','2019-12-24 12:12:50'),
(41,22,9,3,32000,96000,41600,124800,'2019-12-24 12:12:50','2019-12-24 12:12:50'),
(42,22,7,5,31000,155000,40300,201500,'2019-12-24 12:12:50','2019-12-24 12:12:50'),
(43,23,26,1,30000,30000,39000,39000,'2019-12-24 12:12:50','2019-12-24 12:12:50'),
(44,24,47,1,34000,34000,44200,44200,'2019-12-24 12:12:50','2019-12-24 12:12:50'),
(45,24,15,1,30000,30000,39000,39000,'2019-12-24 12:12:50','2019-12-24 12:12:50'),
(46,25,50,1,35000,35000,45500,45500,'2019-12-24 12:12:50','2019-12-24 12:12:50'),
(47,26,47,3,34000,102000,44200,132600,'2019-12-24 12:12:50','2019-12-24 12:12:50'),
(48,26,43,4,33000,132000,42900,171600,'2019-12-24 12:12:50','2019-12-24 12:12:50'),
(49,27,21,3,32000,96000,41600,124800,'2019-12-24 12:12:50','2019-12-24 12:12:50'),
(50,28,9,2,32000,64000,41600,83200,'2019-12-24 12:12:50','2019-12-24 12:12:50'),
(51,28,1,4,34000,136000,44200,176800,'2019-12-24 12:12:50','2019-12-24 12:12:50'),
(52,28,14,5,30000,150000,39000,195000,'2019-12-24 12:12:50','2019-12-24 12:12:50'),
(53,29,12,4,30000,120000,39000,156000,'2019-12-24 12:12:50','2019-12-24 12:12:50'),
(54,29,3,3,32000,96000,41600,124800,'2019-12-24 12:12:50','2019-12-24 12:12:50'),
(55,30,16,4,35000,140000,45500,182000,'2019-12-24 12:12:50','2019-12-24 12:12:50'),
(56,31,49,2,32000,64000,41600,83200,'2019-12-23 12:12:50','2019-12-23 12:12:50'),
(57,31,4,2,34000,68000,44200,88400,'2019-12-23 12:12:50','2019-12-23 12:12:50'),
(58,32,34,4,32000,128000,41600,166400,'2019-12-23 12:12:50','2019-12-23 12:12:50'),
(59,32,19,5,30000,150000,39000,195000,'2019-12-23 12:12:50','2019-12-23 12:12:50'),
(60,33,2,1,33000,33000,42900,42900,'2019-12-23 12:12:50','2019-12-23 12:12:50'),
(61,34,21,1,32000,32000,41600,41600,'2019-12-23 12:12:50','2019-12-23 12:12:50'),
(62,34,7,3,31000,93000,40300,120900,'2019-12-23 12:12:50','2019-12-23 12:12:50'),
(63,34,46,5,31000,155000,40300,201500,'2019-12-23 12:12:50','2019-12-23 12:12:50'),
(64,35,45,5,32000,160000,41600,208000,'2019-12-23 12:12:50','2019-12-23 12:12:50'),
(65,35,35,3,35000,105000,45500,136500,'2019-12-23 12:12:50','2019-12-23 12:12:50'),
(66,35,1,5,34000,170000,44200,221000,'2019-12-23 12:12:50','2019-12-23 12:12:50'),
(67,36,18,4,35000,140000,45500,182000,'2019-12-23 12:12:50','2019-12-23 12:12:50'),
(68,36,7,2,31000,62000,40300,80600,'2019-12-23 12:12:50','2019-12-23 12:12:50'),
(69,36,46,3,31000,93000,40300,120900,'2019-12-23 12:12:50','2019-12-23 12:12:50'),
(70,37,30,5,30000,150000,39000,195000,'2019-12-23 12:12:50','2019-12-23 12:12:50'),
(71,37,22,1,30000,30000,39000,39000,'2019-12-23 12:12:50','2019-12-23 12:12:50'),
(72,37,32,4,34000,136000,44200,176800,'2019-12-23 12:12:50','2019-12-23 12:12:50'),
(73,38,3,1,32000,32000,41600,41600,'2019-12-23 12:12:50','2019-12-23 12:12:50'),
(74,38,30,4,30000,120000,39000,156000,'2019-12-23 12:12:50','2019-12-23 12:12:50'),
(75,38,4,1,34000,34000,44200,44200,'2019-12-23 12:12:50','2019-12-23 12:12:50'),
(76,39,48,4,31000,124000,40300,161200,'2019-12-23 12:12:50','2019-12-23 12:12:50'),
(77,39,30,1,30000,30000,39000,39000,'2019-12-23 12:12:50','2019-12-23 12:12:50'),
(78,40,49,3,32000,96000,41600,124800,'2019-12-23 12:12:50','2019-12-23 12:12:50'),
(79,40,28,1,31000,31000,40300,40300,'2019-12-23 12:12:50','2019-12-23 12:12:50'),
(80,40,31,4,33000,132000,42900,171600,'2019-12-23 12:12:50','2019-12-23 12:12:50'),
(81,41,9,5,32000,160000,41600,208000,'2019-12-22 12:12:50','2019-12-22 12:12:50'),
(82,41,38,5,35000,175000,45500,227500,'2019-12-22 12:12:50','2019-12-22 12:12:50'),
(83,42,19,2,30000,60000,39000,78000,'2019-12-22 12:12:50','2019-12-22 12:12:50'),
(84,43,48,4,31000,124000,40300,161200,'2019-12-22 12:12:50','2019-12-22 12:12:50'),
(85,44,43,2,33000,66000,42900,85800,'2019-12-22 12:12:50','2019-12-22 12:12:50'),
(86,45,33,2,35000,70000,45500,91000,'2019-12-22 12:12:50','2019-12-22 12:12:50'),
(87,45,11,3,32000,96000,41600,124800,'2019-12-22 12:12:50','2019-12-22 12:12:50'),
(88,45,27,1,33000,33000,42900,42900,'2019-12-22 12:12:50','2019-12-22 12:12:50'),
(89,46,9,1,32000,32000,41600,41600,'2019-12-22 12:12:50','2019-12-22 12:12:50'),
(90,46,2,1,33000,33000,42900,42900,'2019-12-22 12:12:50','2019-12-22 12:12:50'),
(91,47,19,2,30000,60000,39000,78000,'2019-12-22 12:12:50','2019-12-22 12:12:50'),
(92,48,33,4,35000,140000,45500,182000,'2019-12-22 12:12:50','2019-12-22 12:12:50'),
(93,48,35,1,35000,35000,45500,45500,'2019-12-22 12:12:50','2019-12-22 12:12:50'),
(94,48,38,1,35000,35000,45500,45500,'2019-12-22 12:12:50','2019-12-22 12:12:50'),
(95,49,37,4,33000,132000,42900,171600,'2019-12-21 12:12:50','2019-12-21 12:12:50'),
(96,50,12,2,30000,60000,39000,78000,'2019-12-21 12:12:50','2019-12-21 12:12:50'),
(97,51,17,1,35000,35000,45500,45500,'2019-12-21 12:12:50','2019-12-21 12:12:50'),
(98,51,4,4,34000,136000,44200,176800,'2019-12-21 12:12:50','2019-12-21 12:12:50'),
(99,51,42,5,33000,165000,42900,214500,'2019-12-21 12:12:50','2019-12-21 12:12:50'),
(100,52,35,2,35000,70000,45500,91000,'2019-12-21 12:12:50','2019-12-21 12:12:50'),
(101,52,29,5,33000,165000,42900,214500,'2019-12-21 12:12:50','2019-12-21 12:12:50'),
(102,53,17,1,35000,35000,45500,45500,'2019-12-21 12:12:50','2019-12-21 12:12:50'),
(103,53,33,3,35000,105000,45500,136500,'2019-12-21 12:12:50','2019-12-21 12:12:50'),
(104,53,46,2,31000,62000,40300,80600,'2019-12-21 12:12:50','2019-12-21 12:12:50'),
(105,54,18,2,35000,70000,45500,91000,'2019-12-21 12:12:50','2019-12-21 12:12:50'),
(106,55,13,1,35000,35000,45500,45500,'2019-12-21 12:12:50','2019-12-21 12:12:50'),
(107,55,41,3,30000,90000,39000,117000,'2019-12-21 12:12:50','2019-12-21 12:12:50'),
(108,55,28,5,31000,155000,40300,201500,'2019-12-21 12:12:50','2019-12-21 12:12:50'),
(109,56,29,3,33000,99000,42900,128700,'2019-12-20 12:12:50','2019-12-20 12:12:50'),
(110,56,39,4,34000,136000,44200,176800,'2019-12-20 12:12:50','2019-12-20 12:12:50'),
(111,56,1,3,34000,102000,44200,132600,'2019-12-20 12:12:50','2019-12-20 12:12:50'),
(112,57,24,2,30000,60000,39000,78000,'2019-12-20 12:12:50','2019-12-20 12:12:50'),
(113,57,20,2,34000,68000,44200,88400,'2019-12-20 12:12:50','2019-12-20 12:12:50'),
(114,57,32,4,34000,136000,44200,176800,'2019-12-20 12:12:50','2019-12-20 12:12:50'),
(115,58,41,5,30000,150000,39000,195000,'2019-12-20 12:12:50','2019-12-20 12:12:50'),
(116,58,16,4,35000,140000,45500,182000,'2019-12-20 12:12:50','2019-12-20 12:12:50'),
(117,59,47,2,34000,68000,44200,88400,'2019-12-20 12:12:50','2019-12-20 12:12:50'),
(118,59,4,5,34000,170000,44200,221000,'2019-12-20 12:12:50','2019-12-20 12:12:50'),
(119,59,45,1,32000,32000,41600,41600,'2019-12-20 12:12:50','2019-12-20 12:12:50'),
(120,60,1,5,34000,170000,44200,221000,'2019-12-20 12:12:50','2019-12-20 12:12:50'),
(121,61,22,1,30000,30000,39000,39000,'2019-12-20 12:12:50','2019-12-20 12:12:50'),
(122,62,8,3,33000,99000,42900,128700,'2019-12-20 12:12:50','2019-12-20 12:12:50'),
(123,62,36,3,33000,99000,42900,128700,'2019-12-20 12:12:50','2019-12-20 12:12:50'),
(124,63,24,5,30000,150000,39000,195000,'2019-12-20 12:12:50','2019-12-20 12:12:50'),
(125,63,47,4,34000,136000,44200,176800,'2019-12-20 12:12:50','2019-12-20 12:12:50'),
(126,64,5,3,32000,96000,41600,124800,'2019-12-20 12:12:50','2019-12-20 12:12:50'),
(127,64,2,1,33000,33000,42900,42900,'2019-12-20 12:12:50','2019-12-20 12:12:50'),
(128,65,22,5,30000,150000,39000,195000,'2019-12-19 12:12:50','2019-12-19 12:12:50'),
(129,65,1,1,34000,34000,44200,44200,'2019-12-19 12:12:50','2019-12-19 12:12:50'),
(130,65,47,3,34000,102000,44200,132600,'2019-12-19 12:12:50','2019-12-19 12:12:50'),
(131,66,19,1,30000,30000,39000,39000,'2019-12-19 12:12:50','2019-12-19 12:12:50'),
(132,66,33,3,35000,105000,45500,136500,'2019-12-19 12:12:50','2019-12-19 12:12:50'),
(133,67,18,3,35000,105000,45500,136500,'2019-12-19 12:12:50','2019-12-19 12:12:50'),
(134,67,2,1,33000,33000,42900,42900,'2019-12-19 12:12:50','2019-12-19 12:12:50'),
(135,67,48,5,31000,155000,40300,201500,'2019-12-19 12:12:50','2019-12-19 12:12:50'),
(136,68,14,3,30000,90000,39000,117000,'2019-12-19 12:12:50','2019-12-19 12:12:50'),
(137,68,26,4,30000,120000,39000,156000,'2019-12-19 12:12:50','2019-12-19 12:12:50'),
(138,68,41,3,30000,90000,39000,117000,'2019-12-19 12:12:50','2019-12-19 12:12:50'),
(139,69,37,4,33000,132000,42900,171600,'2019-12-19 12:12:50','2019-12-19 12:12:50'),
(140,70,39,1,34000,34000,44200,44200,'2019-12-19 12:12:50','2019-12-19 12:12:50'),
(141,70,24,3,30000,90000,39000,117000,'2019-12-19 12:12:50','2019-12-19 12:12:50'),
(142,70,8,1,33000,33000,42900,42900,'2019-12-19 12:12:50','2019-12-19 12:12:50'),
(143,71,46,4,31000,124000,40300,161200,'2019-12-18 12:12:50','2019-12-18 12:12:50'),
(144,71,49,4,32000,128000,41600,166400,'2019-12-18 12:12:50','2019-12-18 12:12:50'),
(145,72,6,1,31000,31000,40300,40300,'2019-12-18 12:12:50','2019-12-18 12:12:50'),
(146,72,33,1,35000,35000,45500,45500,'2019-12-18 12:12:50','2019-12-18 12:12:50'),
(147,72,1,5,34000,170000,44200,221000,'2019-12-18 12:12:50','2019-12-18 12:12:50'),
(148,73,12,2,30000,60000,39000,78000,'2019-12-18 12:12:50','2019-12-18 12:12:50'),
(149,73,28,4,31000,124000,40300,161200,'2019-12-18 12:12:50','2019-12-18 12:12:50'),
(150,73,13,5,35000,175000,45500,227500,'2019-12-18 12:12:50','2019-12-18 12:12:50'),
(151,74,45,2,32000,64000,41600,83200,'2019-12-18 12:12:50','2019-12-18 12:12:50'),
(152,74,7,5,31000,155000,40300,201500,'2019-12-18 12:12:50','2019-12-18 12:12:50'),
(153,75,22,4,30000,120000,39000,156000,'2019-12-18 12:12:50','2019-12-18 12:12:50'),
(154,75,5,3,32000,96000,41600,124800,'2019-12-18 12:12:50','2019-12-18 12:12:50'),
(155,76,35,1,35000,35000,45500,45500,'2019-12-18 12:12:50','2019-12-18 12:12:50'),
(156,76,12,5,30000,150000,39000,195000,'2019-12-18 12:12:50','2019-12-18 12:12:50'),
(157,77,36,1,33000,33000,42900,42900,'2019-12-17 12:12:50','2019-12-17 12:12:50'),
(158,77,6,5,31000,155000,40300,201500,'2019-12-17 12:12:50','2019-12-17 12:12:50'),
(159,78,20,3,34000,102000,44200,132600,'2019-12-17 12:12:50','2019-12-17 12:12:50'),
(160,78,6,4,31000,124000,40300,161200,'2019-12-17 12:12:50','2019-12-17 12:12:50'),
(161,78,45,1,32000,32000,41600,41600,'2019-12-17 12:12:50','2019-12-17 12:12:50'),
(162,79,30,5,30000,150000,39000,195000,'2019-12-17 12:12:50','2019-12-17 12:12:50'),
(163,80,44,4,31000,124000,40300,161200,'2019-12-17 12:12:50','2019-12-17 12:12:50'),
(164,80,38,2,35000,70000,45500,91000,'2019-12-17 12:12:50','2019-12-17 12:12:50'),
(165,80,47,4,34000,136000,44200,176800,'2019-12-17 12:12:50','2019-12-17 12:12:50'),
(166,81,38,4,35000,140000,45500,182000,'2019-12-17 12:12:50','2019-12-17 12:12:50'),
(167,81,47,2,34000,68000,44200,88400,'2019-12-17 12:12:50','2019-12-17 12:12:50'),
(168,82,43,4,33000,132000,42900,171600,'2019-12-16 12:12:50','2019-12-16 12:12:50'),
(169,82,25,2,31000,62000,40300,80600,'2019-12-16 12:12:50','2019-12-16 12:12:50'),
(170,83,29,2,33000,66000,42900,85800,'2019-12-16 12:12:50','2019-12-16 12:12:50'),
(171,83,37,4,33000,132000,42900,171600,'2019-12-16 12:12:50','2019-12-16 12:12:50'),
(172,83,28,5,31000,155000,40300,201500,'2019-12-16 12:12:50','2019-12-16 12:12:50'),
(173,84,30,4,30000,120000,39000,156000,'2019-12-16 12:12:50','2019-12-16 12:12:50'),
(174,85,17,3,35000,105000,45500,136500,'2019-12-16 12:12:50','2019-12-16 12:12:50'),
(175,86,6,2,31000,62000,40300,80600,'2019-12-16 12:12:50','2019-12-16 12:12:50'),
(176,86,49,1,32000,32000,41600,41600,'2019-12-16 12:12:50','2019-12-16 12:12:50'),
(177,87,8,4,33000,132000,42900,171600,'2019-12-16 12:12:50','2019-12-16 12:12:50'),
(178,87,17,2,35000,70000,45500,91000,'2019-12-16 12:12:50','2019-12-16 12:12:50'),
(179,87,49,1,32000,32000,41600,41600,'2019-12-16 12:12:50','2019-12-16 12:12:50'),
(180,88,48,1,31000,31000,40300,40300,'2019-12-16 12:12:50','2019-12-16 12:12:50'),
(181,88,36,1,33000,33000,42900,42900,'2019-12-16 12:12:50','2019-12-16 12:12:50'),
(182,88,21,1,32000,32000,41600,41600,'2019-12-16 12:12:50','2019-12-16 12:12:50'),
(183,89,44,2,31000,62000,40300,80600,'2019-12-16 12:12:50','2019-12-16 12:12:50'),
(184,89,6,1,31000,31000,40300,40300,'2019-12-16 12:12:50','2019-12-16 12:12:50'),
(185,90,18,2,35000,70000,45500,91000,'2019-12-16 12:12:50','2019-12-16 12:12:50'),
(186,90,34,2,32000,64000,41600,83200,'2019-12-16 12:12:50','2019-12-16 12:12:50'),
(187,91,42,5,33000,165000,42900,214500,'2019-12-16 12:12:50','2019-12-16 12:12:50'),
(188,91,30,3,30000,90000,39000,117000,'2019-12-16 12:12:50','2019-12-16 12:12:50'),
(189,91,41,1,30000,30000,39000,39000,'2019-12-16 12:12:50','2019-12-16 12:12:50'),
(190,92,29,2,33000,66000,42900,85800,'2019-12-15 12:12:50','2019-12-15 12:12:50'),
(191,92,24,3,30000,90000,39000,117000,'2019-12-15 12:12:50','2019-12-15 12:12:50'),
(192,93,30,1,30000,30000,39000,39000,'2019-12-15 12:12:50','2019-12-15 12:12:50'),
(193,93,8,1,33000,33000,42900,42900,'2019-12-15 12:12:50','2019-12-15 12:12:50'),
(194,93,2,4,33000,132000,42900,171600,'2019-12-15 12:12:50','2019-12-15 12:12:50'),
(195,94,30,4,30000,120000,39000,156000,'2019-12-15 12:12:50','2019-12-15 12:12:50'),
(196,94,28,3,31000,93000,40300,120900,'2019-12-15 12:12:50','2019-12-15 12:12:50'),
(197,94,34,5,32000,160000,41600,208000,'2019-12-15 12:12:50','2019-12-15 12:12:50'),
(198,95,27,4,33000,132000,42900,171600,'2019-12-15 12:12:50','2019-12-15 12:12:50'),
(199,96,32,3,34000,102000,44200,132600,'2019-12-15 12:12:50','2019-12-15 12:12:50'),
(200,97,1,2,34000,68000,44200,88400,'2019-12-15 12:12:50','2019-12-15 12:12:50'),
(201,97,47,4,34000,136000,44200,176800,'2019-12-15 12:12:50','2019-12-15 12:12:50'),
(202,97,33,5,35000,175000,45500,227500,'2019-12-15 12:12:50','2019-12-15 12:12:50'),
(203,98,35,5,35000,175000,45500,227500,'2019-12-15 12:12:50','2019-12-15 12:12:50'),
(204,98,48,1,31000,31000,40300,40300,'2019-12-15 12:12:50','2019-12-15 12:12:50'),
(205,98,44,5,31000,155000,40300,201500,'2019-12-15 12:12:50','2019-12-15 12:12:50'),
(206,99,35,5,35000,175000,45500,227500,'2019-12-15 12:12:50','2019-12-15 12:12:50'),
(207,100,20,2,34000,68000,44200,88400,'2019-12-15 12:12:50','2019-12-15 12:12:50'),
(208,100,42,1,33000,33000,42900,42900,'2019-12-15 12:12:50','2019-12-15 12:12:50'),
(209,100,17,1,35000,35000,45500,45500,'2019-12-15 12:12:50','2019-12-15 12:12:50'),
(210,101,4,2,34000,68000,44200,88400,'2019-12-15 12:12:50','2019-12-15 12:12:50'),
(211,102,29,5,33000,165000,42900,214500,'2019-12-15 12:12:50','2019-12-15 12:12:50'),
(212,103,50,1,35000,35000,45500,45500,'2019-12-14 12:12:50','2019-12-14 12:12:50'),
(213,104,1,2,34000,68000,44200,88400,'2019-12-14 12:12:50','2019-12-14 12:12:50'),
(214,105,5,5,32000,160000,41600,208000,'2019-12-14 12:12:50','2019-12-14 12:12:50'),
(215,105,3,3,32000,96000,41600,124800,'2019-12-14 12:12:50','2019-12-14 12:12:50'),
(216,105,14,1,30000,30000,39000,39000,'2019-12-14 12:12:50','2019-12-14 12:12:50'),
(217,106,49,3,32000,96000,41600,124800,'2019-12-14 12:12:50','2019-12-14 12:12:50'),
(218,107,17,4,35000,140000,45500,182000,'2019-12-14 12:12:50','2019-12-14 12:12:50'),
(219,108,17,2,35000,70000,45500,91000,'2019-12-14 12:12:50','2019-12-14 12:12:50'),
(220,108,44,2,31000,62000,40300,80600,'2019-12-14 12:12:50','2019-12-14 12:12:50'),
(221,108,50,4,35000,140000,45500,182000,'2019-12-14 12:12:50','2019-12-14 12:12:50'),
(222,109,2,5,33000,165000,42900,214500,'2019-12-14 12:12:50','2019-12-14 12:12:50'),
(223,109,34,1,32000,32000,41600,41600,'2019-12-14 12:12:50','2019-12-14 12:12:50'),
(224,110,15,2,30000,60000,39000,78000,'2019-12-13 12:12:50','2019-12-13 12:12:50'),
(225,110,37,2,33000,66000,42900,85800,'2019-12-13 12:12:50','2019-12-13 12:12:50'),
(226,111,9,1,32000,32000,41600,41600,'2019-12-13 12:12:50','2019-12-13 12:12:50'),
(227,111,26,3,30000,90000,39000,117000,'2019-12-13 12:12:50','2019-12-13 12:12:50'),
(228,111,46,5,31000,155000,40300,201500,'2019-12-13 12:12:50','2019-12-13 12:12:50'),
(229,112,31,2,33000,66000,42900,85800,'2019-12-13 12:12:50','2019-12-13 12:12:50'),
(230,112,14,2,30000,60000,39000,78000,'2019-12-13 12:12:50','2019-12-13 12:12:50'),
(231,113,2,5,33000,165000,42900,214500,'2019-12-13 12:12:50','2019-12-13 12:12:50'),
(232,113,11,3,32000,96000,41600,124800,'2019-12-13 12:12:50','2019-12-13 12:12:50'),
(233,114,21,2,32000,64000,41600,83200,'2019-12-13 12:12:50','2019-12-13 12:12:50'),
(234,114,5,5,32000,160000,41600,208000,'2019-12-13 12:12:50','2019-12-13 12:12:50'),
(235,115,1,5,34000,170000,44200,221000,'2019-12-13 12:12:50','2019-12-13 12:12:50'),
(236,116,40,4,34000,136000,44200,176800,'2019-12-13 12:12:50','2019-12-13 12:12:50'),
(237,116,17,5,35000,175000,45500,227500,'2019-12-13 12:12:50','2019-12-13 12:12:50'),
(238,116,28,3,31000,93000,40300,120900,'2019-12-13 12:12:50','2019-12-13 12:12:50'),
(239,117,6,2,31000,62000,40300,80600,'2019-12-13 12:12:50','2019-12-13 12:12:50'),
(240,117,9,5,32000,160000,41600,208000,'2019-12-13 12:12:50','2019-12-13 12:12:50'),
(241,118,19,2,30000,60000,39000,78000,'2019-12-13 12:12:50','2019-12-13 12:12:50'),
(242,118,50,2,35000,70000,45500,91000,'2019-12-13 12:12:50','2019-12-13 12:12:50'),
(243,119,17,1,35000,35000,45500,45500,'2019-12-13 12:12:50','2019-12-13 12:12:50'),
(244,119,15,5,30000,150000,39000,195000,'2019-12-13 12:12:50','2019-12-13 12:12:50'),
(245,119,45,5,32000,160000,41600,208000,'2019-12-13 12:12:50','2019-12-13 12:12:50'),
(246,120,43,1,33000,33000,42900,42900,'2019-12-12 12:12:50','2019-12-12 12:12:50'),
(247,120,28,3,31000,93000,40300,120900,'2019-12-12 12:12:50','2019-12-12 12:12:50'),
(248,121,47,4,34000,136000,44200,176800,'2019-12-12 12:12:50','2019-12-12 12:12:50'),
(249,121,20,2,34000,68000,44200,88400,'2019-12-12 12:12:50','2019-12-12 12:12:50'),
(250,122,23,5,35000,175000,45500,227500,'2019-12-12 12:12:50','2019-12-12 12:12:50'),
(251,122,50,5,35000,175000,45500,227500,'2019-12-12 12:12:50','2019-12-12 12:12:50'),
(252,122,47,3,34000,102000,44200,132600,'2019-12-12 12:12:50','2019-12-12 12:12:50'),
(253,123,32,4,34000,136000,44200,176800,'2019-12-12 12:12:50','2019-12-12 12:12:50'),
(254,124,27,1,33000,33000,42900,42900,'2019-12-12 12:12:50','2019-12-12 12:12:50'),
(255,125,47,2,34000,68000,44200,88400,'2019-12-12 12:12:50','2019-12-12 12:12:50'),
(256,126,11,3,32000,96000,41600,124800,'2019-12-12 12:12:50','2019-12-12 12:12:50'),
(257,126,35,4,35000,140000,45500,182000,'2019-12-12 12:12:50','2019-12-12 12:12:50'),
(258,127,39,5,34000,170000,44200,221000,'2019-12-12 12:12:50','2019-12-12 12:12:50'),
(259,127,9,5,32000,160000,41600,208000,'2019-12-12 12:12:50','2019-12-12 12:12:50'),
(260,127,34,4,32000,128000,41600,166400,'2019-12-12 12:12:50','2019-12-12 12:12:50'),
(261,128,10,2,35000,70000,45500,91000,'2019-12-12 12:12:50','2019-12-12 12:12:50'),
(262,128,43,2,33000,66000,42900,85800,'2019-12-12 12:12:50','2019-12-12 12:12:50'),
(263,129,45,3,32000,96000,41600,124800,'2019-12-12 12:12:50','2019-12-12 12:12:50'),
(264,129,15,3,30000,90000,39000,117000,'2019-12-12 12:12:50','2019-12-12 12:12:50'),
(265,130,11,1,32000,32000,41600,41600,'2019-12-11 12:12:50','2019-12-11 12:12:50'),
(266,130,12,5,30000,150000,39000,195000,'2019-12-11 12:12:50','2019-12-11 12:12:50'),
(267,131,45,5,32000,160000,41600,208000,'2019-12-11 12:12:50','2019-12-11 12:12:50'),
(268,131,9,3,32000,96000,41600,124800,'2019-12-11 12:12:50','2019-12-11 12:12:50'),
(269,132,2,1,33000,33000,42900,42900,'2019-12-11 12:12:50','2019-12-11 12:12:50'),
(270,132,33,1,35000,35000,45500,45500,'2019-12-11 12:12:50','2019-12-11 12:12:50'),
(271,132,38,2,35000,70000,45500,91000,'2019-12-11 12:12:50','2019-12-11 12:12:50'),
(272,133,22,5,30000,150000,39000,195000,'2019-12-11 12:12:50','2019-12-11 12:12:50'),
(273,133,15,4,30000,120000,39000,156000,'2019-12-11 12:12:50','2019-12-11 12:12:50'),
(274,134,28,5,31000,155000,40300,201500,'2019-12-11 12:12:50','2019-12-11 12:12:50'),
(275,134,11,1,32000,32000,41600,41600,'2019-12-11 12:12:50','2019-12-11 12:12:50'),
(276,134,7,2,31000,62000,40300,80600,'2019-12-11 12:12:50','2019-12-11 12:12:50'),
(277,135,30,4,30000,120000,39000,156000,'2019-12-11 12:12:50','2019-12-11 12:12:50'),
(278,135,10,5,35000,175000,45500,227500,'2019-12-11 12:12:50','2019-12-11 12:12:50'),
(279,135,25,1,31000,31000,40300,40300,'2019-12-11 12:12:50','2019-12-11 12:12:50'),
(280,136,27,2,33000,66000,42900,85800,'2019-12-11 12:12:50','2019-12-11 12:12:50'),
(281,136,41,5,30000,150000,39000,195000,'2019-12-11 12:12:50','2019-12-11 12:12:50'),
(282,136,14,4,30000,120000,39000,156000,'2019-12-11 12:12:50','2019-12-11 12:12:50'),
(283,137,23,3,35000,105000,45500,136500,'2019-12-11 12:12:50','2019-12-11 12:12:50'),
(284,138,28,2,31000,62000,40300,80600,'2019-12-11 12:12:50','2019-12-11 12:12:50'),
(285,139,18,3,35000,105000,45500,136500,'2019-12-10 12:12:50','2019-12-10 12:12:50'),
(286,140,21,1,32000,32000,41600,41600,'2019-12-10 12:12:50','2019-12-10 12:12:50'),
(287,141,25,4,31000,124000,40300,161200,'2019-12-10 12:12:50','2019-12-10 12:12:50'),
(288,141,48,5,31000,155000,40300,201500,'2019-12-10 12:12:50','2019-12-10 12:12:50'),
(289,142,15,4,30000,120000,39000,156000,'2019-12-10 12:12:50','2019-12-10 12:12:50'),
(290,142,33,2,35000,70000,45500,91000,'2019-12-10 12:12:50','2019-12-10 12:12:50'),
(291,143,9,5,32000,160000,41600,208000,'2019-12-10 12:12:50','2019-12-10 12:12:50'),
(292,143,5,1,32000,32000,41600,41600,'2019-12-10 12:12:50','2019-12-10 12:12:50'),
(293,144,49,3,32000,96000,41600,124800,'2019-12-10 12:12:50','2019-12-10 12:12:50'),
(294,145,26,5,30000,150000,39000,195000,'2019-12-09 12:12:50','2019-12-09 12:12:50'),
(295,146,32,4,34000,136000,44200,176800,'2019-12-09 12:12:50','2019-12-09 12:12:50'),
(296,146,3,4,32000,128000,41600,166400,'2019-12-09 12:12:50','2019-12-09 12:12:50'),
(297,146,13,1,35000,35000,45500,45500,'2019-12-09 12:12:50','2019-12-09 12:12:50'),
(298,147,20,2,34000,68000,44200,88400,'2019-12-09 12:12:50','2019-12-09 12:12:50'),
(299,147,49,1,32000,32000,41600,41600,'2019-12-09 12:12:50','2019-12-09 12:12:50'),
(300,147,25,2,31000,62000,40300,80600,'2019-12-09 12:12:50','2019-12-09 12:12:50'),
(301,148,39,1,34000,34000,44200,44200,'2019-12-09 12:12:50','2019-12-09 12:12:50'),
(302,148,26,5,30000,150000,39000,195000,'2019-12-09 12:12:50','2019-12-09 12:12:50'),
(303,148,16,2,35000,70000,45500,91000,'2019-12-09 12:12:50','2019-12-09 12:12:50'),
(304,149,45,4,32000,128000,41600,166400,'2019-12-09 12:12:50','2019-12-09 12:12:50'),
(305,150,13,3,35000,105000,45500,136500,'2019-12-09 12:12:50','2019-12-09 12:12:50'),
(306,150,32,4,34000,136000,44200,176800,'2019-12-09 12:12:50','2019-12-09 12:12:50'),
(307,150,11,4,32000,128000,41600,166400,'2019-12-09 12:12:50','2019-12-09 12:12:50'),
(308,151,14,2,30000,60000,39000,78000,'2019-12-09 12:12:50','2019-12-09 12:12:50'),
(309,151,24,1,30000,30000,39000,39000,'2019-12-09 12:12:50','2019-12-09 12:12:50'),
(310,152,4,3,34000,102000,44200,132600,'2019-12-09 12:12:50','2019-12-09 12:12:50'),
(311,153,39,4,34000,136000,44200,176800,'2019-12-08 12:12:50','2019-12-08 12:12:50'),
(312,153,3,1,32000,32000,41600,41600,'2019-12-08 12:12:50','2019-12-08 12:12:50'),
(313,154,45,5,32000,160000,41600,208000,'2019-12-08 12:12:50','2019-12-08 12:12:50'),
(314,154,40,4,34000,136000,44200,176800,'2019-12-08 12:12:50','2019-12-08 12:12:50'),
(315,155,48,1,31000,31000,40300,40300,'2019-12-08 12:12:50','2019-12-08 12:12:50'),
(316,155,25,1,31000,31000,40300,40300,'2019-12-08 12:12:50','2019-12-08 12:12:50'),
(317,155,45,3,32000,96000,41600,124800,'2019-12-08 12:12:50','2019-12-08 12:12:50'),
(318,156,28,5,31000,155000,40300,201500,'2019-12-08 12:12:50','2019-12-08 12:12:50'),
(319,157,26,1,30000,30000,39000,39000,'2019-12-08 12:12:50','2019-12-08 12:12:50'),
(320,157,10,3,35000,105000,45500,136500,'2019-12-08 12:12:50','2019-12-08 12:12:50'),
(321,157,47,1,34000,34000,44200,44200,'2019-12-08 12:12:50','2019-12-08 12:12:50'),
(322,158,25,4,31000,124000,40300,161200,'2019-12-08 12:12:50','2019-12-08 12:12:50'),
(323,158,41,5,30000,150000,39000,195000,'2019-12-08 12:12:50','2019-12-08 12:12:50'),
(324,158,31,1,33000,33000,42900,42900,'2019-12-08 12:12:50','2019-12-08 12:12:50'),
(325,159,23,5,35000,175000,45500,227500,'2019-12-07 12:12:50','2019-12-07 12:12:50'),
(326,159,42,4,33000,132000,42900,171600,'2019-12-07 12:12:50','2019-12-07 12:12:50'),
(327,160,24,3,30000,90000,39000,117000,'2019-12-07 12:12:50','2019-12-07 12:12:50'),
(328,160,16,2,35000,70000,45500,91000,'2019-12-07 12:12:50','2019-12-07 12:12:50'),
(329,161,3,3,32000,96000,41600,124800,'2019-12-07 12:12:50','2019-12-07 12:12:50'),
(330,161,21,2,32000,64000,41600,83200,'2019-12-07 12:12:50','2019-12-07 12:12:50'),
(331,162,6,5,31000,155000,40300,201500,'2019-12-07 12:12:50','2019-12-07 12:12:50'),
(332,162,28,2,31000,62000,40300,80600,'2019-12-07 12:12:50','2019-12-07 12:12:50'),
(333,162,34,1,32000,32000,41600,41600,'2019-12-07 12:12:50','2019-12-07 12:12:50'),
(334,163,37,1,33000,33000,42900,42900,'2019-12-07 12:12:50','2019-12-07 12:12:50'),
(335,163,34,3,32000,96000,41600,124800,'2019-12-07 12:12:50','2019-12-07 12:12:50'),
(336,164,39,4,34000,136000,44200,176800,'2019-12-07 12:12:50','2019-12-07 12:12:50'),
(337,164,3,5,32000,160000,41600,208000,'2019-12-07 12:12:50','2019-12-07 12:12:50'),
(338,164,36,2,33000,66000,42900,85800,'2019-12-07 12:12:50','2019-12-07 12:12:50'),
(339,165,17,2,35000,70000,45500,91000,'2019-12-07 12:12:50','2019-12-07 12:12:50'),
(340,166,25,5,31000,155000,40300,201500,'2019-12-07 12:12:50','2019-12-07 12:12:50'),
(341,166,21,4,32000,128000,41600,166400,'2019-12-07 12:12:50','2019-12-07 12:12:50'),
(342,167,44,2,31000,62000,40300,80600,'2019-12-07 12:12:50','2019-12-07 12:12:50'),
(343,167,36,2,33000,66000,42900,85800,'2019-12-07 12:12:50','2019-12-07 12:12:50'),
(344,167,31,3,33000,99000,42900,128700,'2019-12-07 12:12:50','2019-12-07 12:12:50'),
(345,168,28,4,31000,124000,40300,161200,'2019-12-06 12:12:50','2019-12-06 12:12:50'),
(346,169,30,5,30000,150000,39000,195000,'2019-12-06 12:12:50','2019-12-06 12:12:50'),
(347,169,36,5,33000,165000,42900,214500,'2019-12-06 12:12:50','2019-12-06 12:12:50'),
(348,170,37,1,33000,33000,42900,42900,'2019-12-06 12:12:50','2019-12-06 12:12:50'),
(349,170,6,2,31000,62000,40300,80600,'2019-12-06 12:12:50','2019-12-06 12:12:50'),
(350,170,34,2,32000,64000,41600,83200,'2019-12-06 12:12:50','2019-12-06 12:12:50'),
(351,171,47,1,34000,34000,44200,44200,'2019-12-06 12:12:50','2019-12-06 12:12:50'),
(352,171,24,4,30000,120000,39000,156000,'2019-12-06 12:12:50','2019-12-06 12:12:50'),
(353,172,41,2,30000,60000,39000,78000,'2019-12-06 12:12:50','2019-12-06 12:12:50'),
(354,172,17,1,35000,35000,45500,45500,'2019-12-06 12:12:50','2019-12-06 12:12:50'),
(355,172,8,3,33000,99000,42900,128700,'2019-12-06 12:12:50','2019-12-06 12:12:50'),
(356,173,14,1,30000,30000,39000,39000,'2019-12-06 12:12:50','2019-12-06 12:12:50'),
(357,174,34,5,32000,160000,41600,208000,'2019-12-06 12:12:50','2019-12-06 12:12:50'),
(358,174,10,1,35000,35000,45500,45500,'2019-12-06 12:12:50','2019-12-06 12:12:50'),
(359,174,27,4,33000,132000,42900,171600,'2019-12-06 12:12:50','2019-12-06 12:12:50'),
(360,175,34,5,32000,160000,41600,208000,'2019-12-06 12:12:50','2019-12-06 12:12:50'),
(361,176,21,1,32000,32000,41600,41600,'2019-12-06 12:12:50','2019-12-06 12:12:50'),
(362,177,48,1,31000,31000,40300,40300,'2019-12-06 12:12:50','2019-12-06 12:12:50'),
(363,177,41,1,30000,30000,39000,39000,'2019-12-06 12:12:50','2019-12-06 12:12:50'),
(364,178,31,2,33000,66000,42900,85800,'2019-12-06 12:12:50','2019-12-06 12:12:50'),
(365,178,36,3,33000,99000,42900,128700,'2019-12-06 12:12:50','2019-12-06 12:12:50'),
(366,179,37,5,33000,165000,42900,214500,'2019-12-05 12:12:50','2019-12-05 12:12:50'),
(367,179,11,1,32000,32000,41600,41600,'2019-12-05 12:12:50','2019-12-05 12:12:50'),
(368,179,5,1,32000,32000,41600,41600,'2019-12-05 12:12:50','2019-12-05 12:12:50'),
(369,180,47,2,34000,68000,44200,88400,'2019-12-05 12:12:50','2019-12-05 12:12:50'),
(370,180,17,2,35000,70000,45500,91000,'2019-12-05 12:12:50','2019-12-05 12:12:50'),
(371,180,6,5,31000,155000,40300,201500,'2019-12-05 12:12:50','2019-12-05 12:12:50'),
(372,181,7,3,31000,93000,40300,120900,'2019-12-05 12:12:50','2019-12-05 12:12:50'),
(373,181,8,5,33000,165000,42900,214500,'2019-12-05 12:12:50','2019-12-05 12:12:50'),
(374,181,14,2,30000,60000,39000,78000,'2019-12-05 12:12:50','2019-12-05 12:12:50'),
(375,182,25,4,31000,124000,40300,161200,'2019-12-05 12:12:50','2019-12-05 12:12:50'),
(376,182,27,5,33000,165000,42900,214500,'2019-12-05 12:12:50','2019-12-05 12:12:50'),
(377,182,6,4,31000,124000,40300,161200,'2019-12-05 12:12:50','2019-12-05 12:12:50'),
(378,183,2,3,33000,99000,42900,128700,'2019-12-05 12:12:50','2019-12-05 12:12:50'),
(379,183,50,2,35000,70000,45500,91000,'2019-12-05 12:12:50','2019-12-05 12:12:50'),
(380,183,8,4,33000,132000,42900,171600,'2019-12-05 12:12:50','2019-12-05 12:12:50'),
(381,184,48,5,31000,155000,40300,201500,'2019-12-05 12:12:50','2019-12-05 12:12:50'),
(382,184,5,4,32000,128000,41600,166400,'2019-12-05 12:12:50','2019-12-05 12:12:50'),
(383,184,13,1,35000,35000,45500,45500,'2019-12-05 12:12:50','2019-12-05 12:12:50'),
(384,185,16,2,35000,70000,45500,91000,'2019-12-05 12:12:50','2019-12-05 12:12:50'),
(385,185,39,2,34000,68000,44200,88400,'2019-12-05 12:12:50','2019-12-05 12:12:50'),
(386,186,48,5,31000,155000,40300,201500,'2019-12-05 12:12:50','2019-12-05 12:12:50'),
(387,187,29,5,33000,165000,42900,214500,'2019-12-05 12:12:50','2019-12-05 12:12:50'),
(388,187,49,3,32000,96000,41600,124800,'2019-12-05 12:12:50','2019-12-05 12:12:50'),
(389,187,3,3,32000,96000,41600,124800,'2019-12-05 12:12:50','2019-12-05 12:12:50'),
(390,188,35,1,35000,35000,45500,45500,'2019-12-05 12:12:50','2019-12-05 12:12:50'),
(391,188,1,4,34000,136000,44200,176800,'2019-12-05 12:12:50','2019-12-05 12:12:50'),
(392,189,11,5,32000,160000,41600,208000,'2019-12-05 12:12:50','2019-12-05 12:12:50'),
(393,189,10,4,35000,140000,45500,182000,'2019-12-05 12:12:50','2019-12-05 12:12:50'),
(394,189,16,1,35000,35000,45500,45500,'2019-12-05 12:12:50','2019-12-05 12:12:50'),
(395,190,5,5,32000,160000,41600,208000,'2019-12-05 12:12:50','2019-12-05 12:12:50'),
(396,190,46,1,31000,31000,40300,40300,'2019-12-05 12:12:50','2019-12-05 12:12:50'),
(397,191,6,4,31000,124000,40300,161200,'2019-12-05 12:12:50','2019-12-05 12:12:50'),
(398,192,35,3,35000,105000,45500,136500,'2019-12-05 12:12:50','2019-12-05 12:12:50'),
(399,192,40,2,34000,68000,44200,88400,'2019-12-05 12:12:50','2019-12-05 12:12:50'),
(400,192,50,3,35000,105000,45500,136500,'2019-12-05 12:12:50','2019-12-05 12:12:50'),
(401,193,29,3,33000,99000,42900,128700,'2019-12-04 12:12:50','2019-12-04 12:12:50'),
(402,193,13,4,35000,140000,45500,182000,'2019-12-04 12:12:50','2019-12-04 12:12:50'),
(403,193,30,4,30000,120000,39000,156000,'2019-12-04 12:12:50','2019-12-04 12:12:50'),
(404,194,18,5,35000,175000,45500,227500,'2019-12-04 12:12:50','2019-12-04 12:12:50'),
(405,194,15,5,30000,150000,39000,195000,'2019-12-04 12:12:50','2019-12-04 12:12:50'),
(406,194,46,1,31000,31000,40300,40300,'2019-12-04 12:12:50','2019-12-04 12:12:50'),
(407,195,32,4,34000,136000,44200,176800,'2019-12-04 12:12:50','2019-12-04 12:12:50'),
(408,195,9,5,32000,160000,41600,208000,'2019-12-04 12:12:50','2019-12-04 12:12:50'),
(409,196,29,1,33000,33000,42900,42900,'2019-12-04 12:12:50','2019-12-04 12:12:50'),
(410,196,49,1,32000,32000,41600,41600,'2019-12-04 12:12:50','2019-12-04 12:12:50'),
(411,197,6,3,31000,93000,40300,120900,'2019-12-04 12:12:50','2019-12-04 12:12:50'),
(412,198,15,4,30000,120000,39000,156000,'2019-12-04 12:12:50','2019-12-04 12:12:50'),
(413,198,38,1,35000,35000,45500,45500,'2019-12-04 12:12:50','2019-12-04 12:12:50'),
(414,199,4,2,34000,68000,44200,88400,'2019-12-04 12:12:50','2019-12-04 12:12:50'),
(415,200,44,3,31000,93000,40300,120900,'2019-12-04 12:12:50','2019-12-04 12:12:50'),
(416,200,24,3,30000,90000,39000,117000,'2019-12-04 12:12:50','2019-12-04 12:12:50'),
(417,201,15,2,30000,60000,39000,78000,'2019-12-03 12:12:50','2019-12-03 12:12:50'),
(418,201,36,5,33000,165000,42900,214500,'2019-12-03 12:12:50','2019-12-03 12:12:50'),
(419,202,8,2,33000,66000,42900,85800,'2019-12-03 12:12:50','2019-12-03 12:12:50'),
(420,202,35,1,35000,35000,45500,45500,'2019-12-03 12:12:50','2019-12-03 12:12:50'),
(421,203,41,2,30000,60000,39000,78000,'2019-12-03 12:12:50','2019-12-03 12:12:50'),
(422,204,31,3,33000,99000,42900,128700,'2019-12-03 12:12:50','2019-12-03 12:12:50'),
(423,205,16,2,35000,70000,45500,91000,'2019-12-03 12:12:50','2019-12-03 12:12:50'),
(424,206,32,2,34000,68000,44200,88400,'2019-12-03 12:12:50','2019-12-03 12:12:50'),
(425,206,26,3,30000,90000,39000,117000,'2019-12-03 12:12:50','2019-12-03 12:12:50'),
(426,206,47,4,34000,136000,44200,176800,'2019-12-03 12:12:50','2019-12-03 12:12:50'),
(427,207,46,4,31000,124000,40300,161200,'2019-12-03 12:12:50','2019-12-03 12:12:50'),
(428,208,4,2,34000,68000,44200,88400,'2019-12-02 12:12:50','2019-12-02 12:12:50'),
(429,209,22,4,30000,120000,39000,156000,'2019-12-02 12:12:50','2019-12-02 12:12:50'),
(430,209,38,1,35000,35000,45500,45500,'2019-12-02 12:12:50','2019-12-02 12:12:50'),
(431,209,43,3,33000,99000,42900,128700,'2019-12-02 12:12:50','2019-12-02 12:12:50'),
(432,210,18,4,35000,140000,45500,182000,'2019-12-02 12:12:50','2019-12-02 12:12:50'),
(433,210,22,3,30000,90000,39000,117000,'2019-12-02 12:12:50','2019-12-02 12:12:50'),
(434,210,29,5,33000,165000,42900,214500,'2019-12-02 12:12:50','2019-12-02 12:12:50'),
(435,211,32,2,34000,68000,44200,88400,'2019-12-02 12:12:50','2019-12-02 12:12:50'),
(436,212,3,4,32000,128000,41600,166400,'2019-12-02 12:12:50','2019-12-02 12:12:50'),
(437,213,46,3,31000,93000,40300,120900,'2019-12-01 12:12:50','2019-12-01 12:12:50'),
(438,213,41,5,30000,150000,39000,195000,'2019-12-01 12:12:50','2019-12-01 12:12:50'),
(439,213,29,1,33000,33000,42900,42900,'2019-12-01 12:12:50','2019-12-01 12:12:50'),
(440,214,37,4,33000,132000,42900,171600,'2019-12-01 12:12:50','2019-12-01 12:12:50'),
(441,215,23,4,35000,140000,45500,182000,'2019-12-01 12:12:50','2019-12-01 12:12:50'),
(442,215,28,5,31000,155000,40300,201500,'2019-12-01 12:12:50','2019-12-01 12:12:50'),
(443,216,4,1,34000,34000,44200,44200,'2019-12-01 12:12:50','2019-12-01 12:12:50'),
(444,217,13,3,35000,105000,45500,136500,'2019-12-01 12:12:50','2019-12-01 12:12:50'),
(445,217,32,2,34000,68000,44200,88400,'2019-12-01 12:12:50','2019-12-01 12:12:50'),
(446,217,50,2,35000,70000,45500,91000,'2019-12-01 12:12:50','2019-12-01 12:12:50'),
(447,218,29,4,33000,132000,42900,171600,'2019-12-01 12:12:50','2019-12-01 12:12:50'),
(448,218,34,3,32000,96000,41600,124800,'2019-12-01 12:12:50','2019-12-01 12:12:50'),
(449,219,39,1,34000,34000,44200,44200,'2019-12-01 12:12:50','2019-12-01 12:12:50'),
(450,219,44,2,31000,62000,40300,80600,'2019-12-01 12:12:50','2019-12-01 12:12:50'),
(451,220,8,3,33000,99000,42900,128700,'2019-12-01 12:12:50','2019-12-01 12:12:50'),
(452,220,42,2,33000,66000,42900,85800,'2019-12-01 12:12:50','2019-12-01 12:12:50'),
(453,220,36,4,33000,132000,42900,171600,'2019-12-01 12:12:50','2019-12-01 12:12:50'),
(454,221,47,2,34000,68000,44200,88400,'2019-12-01 12:12:50','2019-12-01 12:12:50'),
(455,221,45,5,32000,160000,41600,208000,'2019-12-01 12:12:50','2019-12-01 12:12:50'),
(456,222,30,1,30000,30000,39000,39000,'2019-11-30 12:12:50','2019-11-30 12:12:50'),
(457,222,48,1,31000,31000,40300,40300,'2019-11-30 12:12:50','2019-11-30 12:12:50'),
(458,223,8,2,33000,66000,42900,85800,'2019-11-30 12:12:50','2019-11-30 12:12:50'),
(459,224,11,1,32000,32000,41600,41600,'2019-11-30 12:12:50','2019-11-30 12:12:50'),
(460,224,46,1,31000,31000,40300,40300,'2019-11-30 12:12:50','2019-11-30 12:12:50'),
(461,225,48,1,31000,31000,40300,40300,'2019-11-30 12:12:50','2019-11-30 12:12:50'),
(462,225,14,4,30000,120000,39000,156000,'2019-11-30 12:12:50','2019-11-30 12:12:50'),
(463,225,34,2,32000,64000,41600,83200,'2019-11-30 12:12:50','2019-11-30 12:12:50'),
(464,226,44,3,31000,93000,40300,120900,'2019-11-30 12:12:50','2019-11-30 12:12:50'),
(465,227,4,3,34000,102000,44200,132600,'2019-11-30 12:12:50','2019-11-30 12:12:50'),
(466,228,35,2,35000,70000,45500,91000,'2019-11-29 12:12:50','2019-11-29 12:12:50'),
(467,229,19,3,30000,90000,39000,117000,'2019-11-29 12:12:50','2019-11-29 12:12:50'),
(468,229,34,3,32000,96000,41600,124800,'2019-11-29 12:12:50','2019-11-29 12:12:50'),
(469,229,3,3,32000,96000,41600,124800,'2019-11-29 12:12:50','2019-11-29 12:12:50'),
(470,230,27,4,33000,132000,42900,171600,'2019-11-29 12:12:50','2019-11-29 12:12:50'),
(471,230,47,4,34000,136000,44200,176800,'2019-11-29 12:12:50','2019-11-29 12:12:50'),
(472,231,44,3,31000,93000,40300,120900,'2019-11-29 12:12:50','2019-11-29 12:12:50'),
(473,231,47,2,34000,68000,44200,88400,'2019-11-29 12:12:50','2019-11-29 12:12:50');

/*Table structure for table `invoices` */

DROP TABLE IF EXISTS `invoices`;

CREATE TABLE `invoices` (
  `id` bigint(20) unsigned NOT NULL AUTO_INCREMENT,
  `code` varchar(100) COLLATE utf8mb4_unicode_ci NOT NULL,
  `user_id` bigint(20) unsigned NOT NULL,
  `total` bigint(20) NOT NULL,
  `total_earning` bigint(20) NOT NULL,
  `created_at` timestamp NULL DEFAULT NULL,
  `updated_at` timestamp NULL DEFAULT NULL,
  PRIMARY KEY (`id`),
  KEY `invoices_user_id_foreign` (`user_id`),
  CONSTRAINT `invoices_user_id_foreign` FOREIGN KEY (`user_id`) REFERENCES `users` (`id`) ON DELETE CASCADE
) ENGINE=InnoDB AUTO_INCREMENT=232 DEFAULT CHARSET=utf8mb4 COLLATE=utf8mb4_unicode_ci;

/*Data for the table `invoices` */

insert  into `invoices`(`id`,`code`,`user_id`,`total`,`total_earning`,`created_at`,`updated_at`) values 
(1,'1577448770',50,132600,30600,'2019-12-27 12:12:50','2019-12-27 12:12:50'),
(2,'1577448770',27,300300,69300,'2019-12-27 12:12:50','2019-12-27 12:12:50'),
(3,'1577448770',4,344500,79500,'2019-12-27 12:12:50','2019-12-27 12:12:50'),
(4,'1577448770',20,317200,73200,'2019-12-27 12:12:50','2019-12-27 12:12:50'),
(5,'1577448770',33,124800,28800,'2019-12-27 12:12:50','2019-12-27 12:12:50'),
(6,'1577448770',42,516100,119100,'2019-12-27 12:12:50','2019-12-27 12:12:50'),
(7,'1577448770',3,208000,48000,'2019-12-27 12:12:50','2019-12-27 12:12:50'),
(8,'1577448770',4,409500,94500,'2019-12-27 12:12:50','2019-12-27 12:12:50'),
(9,'1577448770',34,166400,38400,'2019-12-27 12:12:50','2019-12-27 12:12:50'),
(10,'1577448770',30,332800,76800,'2019-12-27 12:12:50','2019-12-27 12:12:50'),
(11,'1577448770',13,514800,118800,'2019-12-27 12:12:50','2019-12-27 12:12:50'),
(12,'1577448770',22,182000,42000,'2019-12-27 12:12:50','2019-12-27 12:12:50'),
(13,'1577448770',35,217100,50100,'2019-12-26 12:12:50','2019-12-26 12:12:50'),
(14,'1577448770',11,279500,64500,'2019-12-26 12:12:50','2019-12-26 12:12:50'),
(15,'1577448770',13,357500,82500,'2019-12-26 12:12:50','2019-12-26 12:12:50'),
(16,'1577448770',43,202800,46800,'2019-12-26 12:12:50','2019-12-26 12:12:50'),
(17,'1577448770',31,45500,10500,'2019-12-25 12:12:50','2019-12-25 12:12:50'),
(18,'1577448770',48,136500,31500,'2019-12-25 12:12:50','2019-12-25 12:12:50'),
(19,'1577448770',12,241800,55800,'2019-12-25 12:12:50','2019-12-25 12:12:50'),
(20,'1577448770',39,132600,30600,'2019-12-25 12:12:50','2019-12-25 12:12:50'),
(21,'1577448770',31,156000,36000,'2019-12-25 12:12:50','2019-12-25 12:12:50'),
(22,'1577448770',22,447200,103200,'2019-12-24 12:12:50','2019-12-24 12:12:50'),
(23,'1577448770',15,39000,9000,'2019-12-24 12:12:50','2019-12-24 12:12:50'),
(24,'1577448770',39,83200,19200,'2019-12-24 12:12:50','2019-12-24 12:12:50'),
(25,'1577448770',39,45500,10500,'2019-12-24 12:12:50','2019-12-24 12:12:50'),
(26,'1577448770',11,304200,70200,'2019-12-24 12:12:50','2019-12-24 12:12:50'),
(27,'1577448770',11,124800,28800,'2019-12-24 12:12:50','2019-12-24 12:12:50'),
(28,'1577448770',3,455000,105000,'2019-12-24 12:12:50','2019-12-24 12:12:50'),
(29,'1577448770',15,280800,64800,'2019-12-24 12:12:50','2019-12-24 12:12:50'),
(30,'1577448770',49,182000,42000,'2019-12-24 12:12:50','2019-12-24 12:12:50'),
(31,'1577448770',20,171600,39600,'2019-12-23 12:12:50','2019-12-23 12:12:50'),
(32,'1577448770',19,361400,83400,'2019-12-23 12:12:50','2019-12-23 12:12:50'),
(33,'1577448770',39,42900,9900,'2019-12-23 12:12:50','2019-12-23 12:12:50'),
(34,'1577448770',44,364000,84000,'2019-12-23 12:12:50','2019-12-23 12:12:50'),
(35,'1577448770',39,565500,130500,'2019-12-23 12:12:50','2019-12-23 12:12:50'),
(36,'1577448770',35,383500,88500,'2019-12-23 12:12:50','2019-12-23 12:12:50'),
(37,'1577448770',17,410800,94800,'2019-12-23 12:12:50','2019-12-23 12:12:50'),
(38,'1577448770',35,241800,55800,'2019-12-23 12:12:50','2019-12-23 12:12:50'),
(39,'1577448770',36,200200,46200,'2019-12-23 12:12:50','2019-12-23 12:12:50'),
(40,'1577448770',25,336700,77700,'2019-12-23 12:12:50','2019-12-23 12:12:50'),
(41,'1577448770',14,435500,100500,'2019-12-22 12:12:50','2019-12-22 12:12:50'),
(42,'1577448770',4,78000,18000,'2019-12-22 12:12:50','2019-12-22 12:12:50'),
(43,'1577448770',41,161200,37200,'2019-12-22 12:12:50','2019-12-22 12:12:50'),
(44,'1577448770',19,85800,19800,'2019-12-22 12:12:50','2019-12-22 12:12:50'),
(45,'1577448770',35,258700,59700,'2019-12-22 12:12:50','2019-12-22 12:12:50'),
(46,'1577448770',17,84500,19500,'2019-12-22 12:12:50','2019-12-22 12:12:50'),
(47,'1577448770',50,78000,18000,'2019-12-22 12:12:50','2019-12-22 12:12:50'),
(48,'1577448770',20,273000,63000,'2019-12-22 12:12:50','2019-12-22 12:12:50'),
(49,'1577448770',45,171600,39600,'2019-12-21 12:12:50','2019-12-21 12:12:50'),
(50,'1577448770',7,78000,18000,'2019-12-21 12:12:50','2019-12-21 12:12:50'),
(51,'1577448770',42,436800,100800,'2019-12-21 12:12:50','2019-12-21 12:12:50'),
(52,'1577448770',34,305500,70500,'2019-12-21 12:12:50','2019-12-21 12:12:50'),
(53,'1577448770',27,262600,60600,'2019-12-21 12:12:50','2019-12-21 12:12:50'),
(54,'1577448770',34,91000,21000,'2019-12-21 12:12:50','2019-12-21 12:12:50'),
(55,'1577448770',31,364000,84000,'2019-12-21 12:12:50','2019-12-21 12:12:50'),
(56,'1577448770',37,438100,101100,'2019-12-20 12:12:50','2019-12-20 12:12:50'),
(57,'1577448770',37,343200,79200,'2019-12-20 12:12:50','2019-12-20 12:12:50'),
(58,'1577448770',8,377000,87000,'2019-12-20 12:12:50','2019-12-20 12:12:50'),
(59,'1577448770',36,351000,81000,'2019-12-20 12:12:50','2019-12-20 12:12:50'),
(60,'1577448770',23,221000,51000,'2019-12-20 12:12:50','2019-12-20 12:12:50'),
(61,'1577448770',31,39000,9000,'2019-12-20 12:12:50','2019-12-20 12:12:50'),
(62,'1577448770',15,257400,59400,'2019-12-20 12:12:50','2019-12-20 12:12:50'),
(63,'1577448770',18,371800,85800,'2019-12-20 12:12:50','2019-12-20 12:12:50'),
(64,'1577448770',7,167700,38700,'2019-12-20 12:12:50','2019-12-20 12:12:50'),
(65,'1577448770',42,371800,85800,'2019-12-19 12:12:50','2019-12-19 12:12:50'),
(66,'1577448770',45,175500,40500,'2019-12-19 12:12:50','2019-12-19 12:12:50'),
(67,'1577448770',8,380900,87900,'2019-12-19 12:12:50','2019-12-19 12:12:50'),
(68,'1577448770',11,390000,90000,'2019-12-19 12:12:50','2019-12-19 12:12:50'),
(69,'1577448770',50,171600,39600,'2019-12-19 12:12:50','2019-12-19 12:12:50'),
(70,'1577448770',45,204100,47100,'2019-12-19 12:12:50','2019-12-19 12:12:50'),
(71,'1577448770',47,327600,75600,'2019-12-18 12:12:50','2019-12-18 12:12:50'),
(72,'1577448770',38,306800,70800,'2019-12-18 12:12:50','2019-12-18 12:12:50'),
(73,'1577448770',31,466700,107700,'2019-12-18 12:12:50','2019-12-18 12:12:50'),
(74,'1577448770',48,284700,65700,'2019-12-18 12:12:50','2019-12-18 12:12:50'),
(75,'1577448770',1,280800,64800,'2019-12-18 12:12:50','2019-12-18 12:12:50'),
(76,'1577448770',39,240500,55500,'2019-12-18 12:12:50','2019-12-18 12:12:50'),
(77,'1577448770',20,244400,56400,'2019-12-17 12:12:50','2019-12-17 12:12:50'),
(78,'1577448770',19,335400,77400,'2019-12-17 12:12:50','2019-12-17 12:12:50'),
(79,'1577448770',3,195000,45000,'2019-12-17 12:12:50','2019-12-17 12:12:50'),
(80,'1577448770',42,429000,99000,'2019-12-17 12:12:50','2019-12-17 12:12:50'),
(81,'1577448770',4,270400,62400,'2019-12-17 12:12:50','2019-12-17 12:12:50'),
(82,'1577448770',46,252200,58200,'2019-12-16 12:12:50','2019-12-16 12:12:50'),
(83,'1577448770',2,458900,105900,'2019-12-16 12:12:50','2019-12-16 12:12:50'),
(84,'1577448770',12,156000,36000,'2019-12-16 12:12:50','2019-12-16 12:12:50'),
(85,'1577448770',28,136500,31500,'2019-12-16 12:12:50','2019-12-16 12:12:50'),
(86,'1577448770',43,122200,28200,'2019-12-16 12:12:50','2019-12-16 12:12:50'),
(87,'1577448770',2,304200,70200,'2019-12-16 12:12:50','2019-12-16 12:12:50'),
(88,'1577448770',22,124800,28800,'2019-12-16 12:12:50','2019-12-16 12:12:50'),
(89,'1577448770',14,120900,27900,'2019-12-16 12:12:50','2019-12-16 12:12:50'),
(90,'1577448770',17,174200,40200,'2019-12-16 12:12:50','2019-12-16 12:12:50'),
(91,'1577448770',4,370500,85500,'2019-12-16 12:12:50','2019-12-16 12:12:50'),
(92,'1577448770',43,202800,46800,'2019-12-15 12:12:50','2019-12-15 12:12:50'),
(93,'1577448770',27,253500,58500,'2019-12-15 12:12:50','2019-12-15 12:12:50'),
(94,'1577448770',44,484900,111900,'2019-12-15 12:12:50','2019-12-15 12:12:50'),
(95,'1577448770',31,171600,39600,'2019-12-15 12:12:50','2019-12-15 12:12:50'),
(96,'1577448770',1,132600,30600,'2019-12-15 12:12:50','2019-12-15 12:12:50'),
(97,'1577448770',41,492700,113700,'2019-12-15 12:12:50','2019-12-15 12:12:50'),
(98,'1577448770',9,469300,108300,'2019-12-15 12:12:50','2019-12-15 12:12:50'),
(99,'1577448770',34,227500,52500,'2019-12-15 12:12:50','2019-12-15 12:12:50'),
(100,'1577448770',45,176800,40800,'2019-12-15 12:12:50','2019-12-15 12:12:50'),
(101,'1577448770',6,88400,20400,'2019-12-15 12:12:50','2019-12-15 12:12:50'),
(102,'1577448770',26,214500,49500,'2019-12-15 12:12:50','2019-12-15 12:12:50'),
(103,'1577448770',46,45500,10500,'2019-12-14 12:12:50','2019-12-14 12:12:50'),
(104,'1577448770',10,88400,20400,'2019-12-14 12:12:50','2019-12-14 12:12:50'),
(105,'1577448770',17,371800,85800,'2019-12-14 12:12:50','2019-12-14 12:12:50'),
(106,'1577448770',40,124800,28800,'2019-12-14 12:12:50','2019-12-14 12:12:50'),
(107,'1577448770',32,182000,42000,'2019-12-14 12:12:50','2019-12-14 12:12:50'),
(108,'1577448770',26,353600,81600,'2019-12-14 12:12:50','2019-12-14 12:12:50'),
(109,'1577448770',3,256100,59100,'2019-12-14 12:12:50','2019-12-14 12:12:50'),
(110,'1577448770',20,163800,37800,'2019-12-13 12:12:50','2019-12-13 12:12:50'),
(111,'1577448770',19,360100,83100,'2019-12-13 12:12:50','2019-12-13 12:12:50'),
(112,'1577448770',31,163800,37800,'2019-12-13 12:12:50','2019-12-13 12:12:50'),
(113,'1577448770',6,339300,78300,'2019-12-13 12:12:50','2019-12-13 12:12:50'),
(114,'1577448770',44,291200,67200,'2019-12-13 12:12:50','2019-12-13 12:12:50'),
(115,'1577448770',50,221000,51000,'2019-12-13 12:12:50','2019-12-13 12:12:50'),
(116,'1577448770',27,525200,121200,'2019-12-13 12:12:50','2019-12-13 12:12:50'),
(117,'1577448770',21,288600,66600,'2019-12-13 12:12:50','2019-12-13 12:12:50'),
(118,'1577448770',29,169000,39000,'2019-12-13 12:12:50','2019-12-13 12:12:50'),
(119,'1577448770',2,448500,103500,'2019-12-13 12:12:50','2019-12-13 12:12:50'),
(120,'1577448770',40,163800,37800,'2019-12-12 12:12:50','2019-12-12 12:12:50'),
(121,'1577448770',10,265200,61200,'2019-12-12 12:12:50','2019-12-12 12:12:50'),
(122,'1577448770',2,587600,135600,'2019-12-12 12:12:50','2019-12-12 12:12:50'),
(123,'1577448770',38,176800,40800,'2019-12-12 12:12:50','2019-12-12 12:12:50'),
(124,'1577448770',12,42900,9900,'2019-12-12 12:12:50','2019-12-12 12:12:50'),
(125,'1577448770',5,88400,20400,'2019-12-12 12:12:50','2019-12-12 12:12:50'),
(126,'1577448770',11,306800,70800,'2019-12-12 12:12:50','2019-12-12 12:12:50'),
(127,'1577448770',47,595400,137400,'2019-12-12 12:12:50','2019-12-12 12:12:50'),
(128,'1577448770',6,176800,40800,'2019-12-12 12:12:50','2019-12-12 12:12:50'),
(129,'1577448770',44,241800,55800,'2019-12-12 12:12:50','2019-12-12 12:12:50'),
(130,'1577448770',15,236600,54600,'2019-12-11 12:12:50','2019-12-11 12:12:50'),
(131,'1577448770',44,332800,76800,'2019-12-11 12:12:50','2019-12-11 12:12:50'),
(132,'1577448770',12,179400,41400,'2019-12-11 12:12:50','2019-12-11 12:12:50'),
(133,'1577448770',10,351000,81000,'2019-12-11 12:12:50','2019-12-11 12:12:50'),
(134,'1577448770',2,323700,74700,'2019-12-11 12:12:50','2019-12-11 12:12:50'),
(135,'1577448770',49,423800,97800,'2019-12-11 12:12:50','2019-12-11 12:12:50'),
(136,'1577448770',29,436800,100800,'2019-12-11 12:12:50','2019-12-11 12:12:50'),
(137,'1577448770',30,136500,31500,'2019-12-11 12:12:50','2019-12-11 12:12:50'),
(138,'1577448770',31,80600,18600,'2019-12-11 12:12:50','2019-12-11 12:12:50'),
(139,'1577448770',30,136500,31500,'2019-12-10 12:12:50','2019-12-10 12:12:50'),
(140,'1577448770',30,41600,9600,'2019-12-10 12:12:50','2019-12-10 12:12:50'),
(141,'1577448770',47,362700,83700,'2019-12-10 12:12:50','2019-12-10 12:12:50'),
(142,'1577448770',6,247000,57000,'2019-12-10 12:12:50','2019-12-10 12:12:50'),
(143,'1577448770',10,249600,57600,'2019-12-10 12:12:50','2019-12-10 12:12:50'),
(144,'1577448770',32,124800,28800,'2019-12-10 12:12:50','2019-12-10 12:12:50'),
(145,'1577448770',17,195000,45000,'2019-12-09 12:12:50','2019-12-09 12:12:50'),
(146,'1577448770',39,388700,89700,'2019-12-09 12:12:50','2019-12-09 12:12:50'),
(147,'1577448770',47,210600,48600,'2019-12-09 12:12:50','2019-12-09 12:12:50'),
(148,'1577448770',17,330200,76200,'2019-12-09 12:12:50','2019-12-09 12:12:50'),
(149,'1577448770',46,166400,38400,'2019-12-09 12:12:50','2019-12-09 12:12:50'),
(150,'1577448770',31,479700,110700,'2019-12-09 12:12:50','2019-12-09 12:12:50'),
(151,'1577448770',2,117000,27000,'2019-12-09 12:12:50','2019-12-09 12:12:50'),
(152,'1577448770',16,132600,30600,'2019-12-09 12:12:50','2019-12-09 12:12:50'),
(153,'1577448770',28,218400,50400,'2019-12-08 12:12:50','2019-12-08 12:12:50'),
(154,'1577448770',39,384800,88800,'2019-12-08 12:12:50','2019-12-08 12:12:50'),
(155,'1577448770',29,205400,47400,'2019-12-08 12:12:50','2019-12-08 12:12:50'),
(156,'1577448770',11,201500,46500,'2019-12-08 12:12:50','2019-12-08 12:12:50'),
(157,'1577448770',41,219700,50700,'2019-12-08 12:12:50','2019-12-08 12:12:50'),
(158,'1577448770',43,399100,92100,'2019-12-08 12:12:50','2019-12-08 12:12:50'),
(159,'1577448770',5,399100,92100,'2019-12-07 12:12:50','2019-12-07 12:12:50'),
(160,'1577448770',43,208000,48000,'2019-12-07 12:12:50','2019-12-07 12:12:50'),
(161,'1577448770',24,208000,48000,'2019-12-07 12:12:50','2019-12-07 12:12:50'),
(162,'1577448770',32,323700,74700,'2019-12-07 12:12:50','2019-12-07 12:12:50'),
(163,'1577448770',37,167700,38700,'2019-12-07 12:12:50','2019-12-07 12:12:50'),
(164,'1577448770',19,470600,108600,'2019-12-07 12:12:50','2019-12-07 12:12:50'),
(165,'1577448770',5,91000,21000,'2019-12-07 12:12:50','2019-12-07 12:12:50'),
(166,'1577448770',47,367900,84900,'2019-12-07 12:12:50','2019-12-07 12:12:50'),
(167,'1577448770',39,295100,68100,'2019-12-07 12:12:50','2019-12-07 12:12:50'),
(168,'1577448770',48,161200,37200,'2019-12-06 12:12:50','2019-12-06 12:12:50'),
(169,'1577448770',18,409500,94500,'2019-12-06 12:12:50','2019-12-06 12:12:50'),
(170,'1577448770',21,206700,47700,'2019-12-06 12:12:50','2019-12-06 12:12:50'),
(171,'1577448770',43,200200,46200,'2019-12-06 12:12:50','2019-12-06 12:12:50'),
(172,'1577448770',12,252200,58200,'2019-12-06 12:12:50','2019-12-06 12:12:50'),
(173,'1577448770',6,39000,9000,'2019-12-06 12:12:50','2019-12-06 12:12:50'),
(174,'1577448770',43,425100,98100,'2019-12-06 12:12:50','2019-12-06 12:12:50'),
(175,'1577448770',28,208000,48000,'2019-12-06 12:12:50','2019-12-06 12:12:50'),
(176,'1577448770',16,41600,9600,'2019-12-06 12:12:50','2019-12-06 12:12:50'),
(177,'1577448770',48,79300,18300,'2019-12-06 12:12:50','2019-12-06 12:12:50'),
(178,'1577448770',44,214500,49500,'2019-12-06 12:12:50','2019-12-06 12:12:50'),
(179,'1577448770',21,297700,68700,'2019-12-05 12:12:50','2019-12-05 12:12:50'),
(180,'1577448770',42,380900,87900,'2019-12-05 12:12:50','2019-12-05 12:12:50'),
(181,'1577448770',37,413400,95400,'2019-12-05 12:12:50','2019-12-05 12:12:50'),
(182,'1577448770',2,536900,123900,'2019-12-05 12:12:50','2019-12-05 12:12:50'),
(183,'1577448770',15,391300,90300,'2019-12-05 12:12:50','2019-12-05 12:12:50'),
(184,'1577448771',14,413400,95400,'2019-12-05 12:12:50','2019-12-05 12:12:50'),
(185,'1577448771',12,179400,41400,'2019-12-05 12:12:50','2019-12-05 12:12:50'),
(186,'1577448771',29,201500,46500,'2019-12-05 12:12:50','2019-12-05 12:12:50'),
(187,'1577448771',22,464100,107100,'2019-12-05 12:12:50','2019-12-05 12:12:50'),
(188,'1577448771',11,222300,51300,'2019-12-05 12:12:50','2019-12-05 12:12:50'),
(189,'1577448771',41,435500,100500,'2019-12-05 12:12:50','2019-12-05 12:12:50'),
(190,'1577448771',5,248300,57300,'2019-12-05 12:12:50','2019-12-05 12:12:50'),
(191,'1577448771',23,161200,37200,'2019-12-05 12:12:50','2019-12-05 12:12:50'),
(192,'1577448771',23,361400,83400,'2019-12-05 12:12:50','2019-12-05 12:12:50'),
(193,'1577448771',20,466700,107700,'2019-12-04 12:12:50','2019-12-04 12:12:50'),
(194,'1577448771',20,462800,106800,'2019-12-04 12:12:50','2019-12-04 12:12:50'),
(195,'1577448771',5,384800,88800,'2019-12-04 12:12:50','2019-12-04 12:12:50'),
(196,'1577448771',16,84500,19500,'2019-12-04 12:12:50','2019-12-04 12:12:50'),
(197,'1577448771',15,120900,27900,'2019-12-04 12:12:50','2019-12-04 12:12:50'),
(198,'1577448771',7,201500,46500,'2019-12-04 12:12:50','2019-12-04 12:12:50'),
(199,'1577448771',28,88400,20400,'2019-12-04 12:12:50','2019-12-04 12:12:50'),
(200,'1577448771',49,237900,54900,'2019-12-04 12:12:50','2019-12-04 12:12:50'),
(201,'1577448771',31,292500,67500,'2019-12-03 12:12:50','2019-12-03 12:12:50'),
(202,'1577448771',49,131300,30300,'2019-12-03 12:12:50','2019-12-03 12:12:50'),
(203,'1577448771',15,78000,18000,'2019-12-03 12:12:50','2019-12-03 12:12:50'),
(204,'1577448771',15,128700,29700,'2019-12-03 12:12:50','2019-12-03 12:12:50'),
(205,'1577448771',10,91000,21000,'2019-12-03 12:12:50','2019-12-03 12:12:50'),
(206,'1577448771',14,382200,88200,'2019-12-03 12:12:50','2019-12-03 12:12:50'),
(207,'1577448771',50,161200,37200,'2019-12-03 12:12:50','2019-12-03 12:12:50'),
(208,'1577448771',15,88400,20400,'2019-12-02 12:12:50','2019-12-02 12:12:50'),
(209,'1577448771',8,330200,76200,'2019-12-02 12:12:50','2019-12-02 12:12:50'),
(210,'1577448771',47,513500,118500,'2019-12-02 12:12:50','2019-12-02 12:12:50'),
(211,'1577448771',15,88400,20400,'2019-12-02 12:12:50','2019-12-02 12:12:50'),
(212,'1577448771',21,166400,38400,'2019-12-02 12:12:50','2019-12-02 12:12:50'),
(213,'1577448771',39,358800,82800,'2019-12-01 12:12:50','2019-12-01 12:12:50'),
(214,'1577448771',15,171600,39600,'2019-12-01 12:12:50','2019-12-01 12:12:50'),
(215,'1577448771',43,383500,88500,'2019-12-01 12:12:50','2019-12-01 12:12:50'),
(216,'1577448771',27,44200,10200,'2019-12-01 12:12:50','2019-12-01 12:12:50'),
(217,'1577448771',30,315900,72900,'2019-12-01 12:12:50','2019-12-01 12:12:50'),
(218,'1577448771',22,296400,68400,'2019-12-01 12:12:50','2019-12-01 12:12:50'),
(219,'1577448771',28,124800,28800,'2019-12-01 12:12:50','2019-12-01 12:12:50'),
(220,'1577448771',11,386100,89100,'2019-12-01 12:12:50','2019-12-01 12:12:50'),
(221,'1577448771',24,296400,68400,'2019-12-01 12:12:50','2019-12-01 12:12:50'),
(222,'1577448771',29,79300,18300,'2019-11-30 12:12:50','2019-11-30 12:12:50'),
(223,'1577448771',30,85800,19800,'2019-11-30 12:12:50','2019-11-30 12:12:50'),
(224,'1577448771',1,81900,18900,'2019-11-30 12:12:50','2019-11-30 12:12:50'),
(225,'1577448771',43,279500,64500,'2019-11-30 12:12:50','2019-11-30 12:12:50'),
(226,'1577448771',49,120900,27900,'2019-11-30 12:12:50','2019-11-30 12:12:50'),
(227,'1577448771',46,132600,30600,'2019-11-30 12:12:50','2019-11-30 12:12:50'),
(228,'1577448771',17,91000,21000,'2019-11-29 12:12:50','2019-11-29 12:12:50'),
(229,'1577448771',49,366600,84600,'2019-11-29 12:12:50','2019-11-29 12:12:50'),
(230,'1577448771',34,348400,80400,'2019-11-29 12:12:50','2019-11-29 12:12:50'),
(231,'1577448771',16,209300,48300,'2019-11-29 12:12:50','2019-11-29 12:12:50');

/*Table structure for table `migrations` */

DROP TABLE IF EXISTS `migrations`;

CREATE TABLE `migrations` (
  `id` int(10) unsigned NOT NULL AUTO_INCREMENT,
  `migration` varchar(255) COLLATE utf8mb4_unicode_ci NOT NULL,
  `batch` int(11) NOT NULL,
  PRIMARY KEY (`id`)
) ENGINE=InnoDB AUTO_INCREMENT=5 DEFAULT CHARSET=utf8mb4 COLLATE=utf8mb4_unicode_ci;

/*Data for the table `migrations` */

insert  into `migrations`(`id`,`migration`,`batch`) values 
(1,'2014_10_12_000000_create_users_table',1),
(2,'2019_12_27_040456_create_products_table',1),
(3,'2019_12_27_080139_create_invoices_table',1),
(4,'2019_12_27_080205_create_invoice_details_table',1);

/*Table structure for table `products` */

DROP TABLE IF EXISTS `products`;

CREATE TABLE `products` (
  `id` bigint(20) unsigned NOT NULL AUTO_INCREMENT,
  `name` varchar(100) COLLATE utf8mb4_unicode_ci NOT NULL,
  `base_cost` int(11) NOT NULL,
  `price` int(11) NOT NULL,
  `created_at` timestamp NULL DEFAULT NULL,
  `updated_at` timestamp NULL DEFAULT NULL,
  `deleted_at` timestamp NULL DEFAULT NULL,
  PRIMARY KEY (`id`)
) ENGINE=InnoDB AUTO_INCREMENT=51 DEFAULT CHARSET=utf8mb4 COLLATE=utf8mb4_unicode_ci;

/*Data for the table `products` */

insert  into `products`(`id`,`name`,`base_cost`,`price`,`created_at`,`updated_at`,`deleted_at`) values 
(1,'Baju Palembang',34000,44200,'2019-12-27 12:12:50','2019-12-27 12:12:50',NULL),
(2,'Baju Malang',33000,42900,'2019-12-27 12:12:50','2019-12-27 12:12:50',NULL),
(3,'Baju Singkawang',32000,41600,'2019-12-27 12:12:50','2019-12-27 12:12:50',NULL),
(4,'Baju Bandung',34000,44200,'2019-12-27 12:12:50','2019-12-27 12:12:50',NULL),
(5,'Baju Tanjungbalai',32000,41600,'2019-12-27 12:12:50','2019-12-27 12:12:50',NULL),
(6,'Baju Blitar',31000,40300,'2019-12-27 12:12:50','2019-12-27 12:12:50',NULL),
(7,'Baju Kupang',31000,40300,'2019-12-27 12:12:50','2019-12-27 12:12:50',NULL),
(8,'Baju Madiun',33000,42900,'2019-12-27 12:12:50','2019-12-27 12:12:50',NULL),
(9,'Baju Tomohon',32000,41600,'2019-12-27 12:12:50','2019-12-27 12:12:50',NULL),
(10,'Baju Langsa',35000,45500,'2019-12-27 12:12:50','2019-12-27 12:12:50',NULL),
(11,'Baju Tarakan',32000,41600,'2019-12-27 12:12:50','2019-12-27 12:12:50',NULL),
(12,'Baju Cilegon',30000,39000,'2019-12-27 12:12:50','2019-12-27 12:12:50',NULL),
(13,'Baju Singkawang',35000,45500,'2019-12-27 12:12:50','2019-12-27 12:12:50',NULL),
(14,'Baju Madiun',30000,39000,'2019-12-27 12:12:50','2019-12-27 12:12:50',NULL),
(15,'Baju Bitung',30000,39000,'2019-12-27 12:12:50','2019-12-27 12:12:50',NULL),
(16,'Baju Ternate',35000,45500,'2019-12-27 12:12:50','2019-12-27 12:12:50',NULL),
(17,'Baju Palembang',35000,45500,'2019-12-27 12:12:50','2019-12-27 12:12:50',NULL),
(18,'Baju Solok',35000,45500,'2019-12-27 12:12:50','2019-12-27 12:12:50',NULL),
(19,'Baju Bima',30000,39000,'2019-12-27 12:12:50','2019-12-27 12:12:50',NULL),
(20,'Baju Pangkal Pinang',34000,44200,'2019-12-27 12:12:50','2019-12-27 12:12:50',NULL),
(21,'Baju Padangpanjang',32000,41600,'2019-12-27 12:12:50','2019-12-27 12:12:50',NULL),
(22,'Baju Tarakan',30000,39000,'2019-12-27 12:12:50','2019-12-27 12:12:50',NULL),
(23,'Baju Bandung',35000,45500,'2019-12-27 12:12:50','2019-12-27 12:12:50',NULL),
(24,'Baju Palu',30000,39000,'2019-12-27 12:12:50','2019-12-27 12:12:50',NULL),
(25,'Baju Cilegon',31000,40300,'2019-12-27 12:12:50','2019-12-27 12:12:50',NULL),
(26,'Baju Administrasi Jakarta Selatan',30000,39000,'2019-12-27 12:12:50','2019-12-27 12:12:50',NULL),
(27,'Baju Padangsidempuan',33000,42900,'2019-12-27 12:12:50','2019-12-27 12:12:50',NULL),
(28,'Baju Bima',31000,40300,'2019-12-27 12:12:50','2019-12-27 12:12:50',NULL),
(29,'Baju Tangerang Selatan',33000,42900,'2019-12-27 12:12:50','2019-12-27 12:12:50',NULL),
(30,'Baju Tangerang',30000,39000,'2019-12-27 12:12:50','2019-12-27 12:12:50',NULL),
(31,'Baju Blitar',33000,42900,'2019-12-27 12:12:50','2019-12-27 12:12:50',NULL),
(32,'Baju Prabumulih',34000,44200,'2019-12-27 12:12:50','2019-12-27 12:12:50',NULL),
(33,'Baju Gunungsitoli',35000,45500,'2019-12-27 12:12:50','2019-12-27 12:12:50',NULL),
(34,'Baju Kediri',32000,41600,'2019-12-27 12:12:50','2019-12-27 12:12:50',NULL),
(35,'Baju Depok',35000,45500,'2019-12-27 12:12:50','2019-12-27 12:12:50',NULL),
(36,'Baju Sibolga',33000,42900,'2019-12-27 12:12:50','2019-12-27 12:12:50',NULL),
(37,'Baju Magelang',33000,42900,'2019-12-27 12:12:50','2019-12-27 12:12:50',NULL),
(38,'Baju Gorontalo',35000,45500,'2019-12-27 12:12:50','2019-12-27 12:12:50',NULL),
(39,'Baju Tebing Tinggi',34000,44200,'2019-12-27 12:12:50','2019-12-27 12:12:50',NULL),
(40,'Baju Bau-Bau',34000,44200,'2019-12-27 12:12:50','2019-12-27 12:12:50',NULL),
(41,'Baju Pangkal Pinang',30000,39000,'2019-12-27 12:12:50','2019-12-27 12:12:50',NULL),
(42,'Baju Pangkal Pinang',33000,42900,'2019-12-27 12:12:50','2019-12-27 12:12:50',NULL),
(43,'Baju Bandar Lampung',33000,42900,'2019-12-27 12:12:50','2019-12-27 12:12:50',NULL),
(44,'Baju Depok',31000,40300,'2019-12-27 12:12:50','2019-12-27 12:12:50',NULL),
(45,'Baju Payakumbuh',32000,41600,'2019-12-27 12:12:50','2019-12-27 12:12:50',NULL),
(46,'Baju Parepare',31000,40300,'2019-12-27 12:12:50','2019-12-27 12:12:50',NULL),
(47,'Baju Denpasar',34000,44200,'2019-12-27 12:12:50','2019-12-27 12:12:50',NULL),
(48,'Baju Singkawang',31000,40300,'2019-12-27 12:12:50','2019-12-27 12:12:50',NULL),
(49,'Baju Ternate',32000,41600,'2019-12-27 12:12:50','2019-12-27 12:12:50',NULL),
(50,'Baju Banjarbaru',35000,45500,'2019-12-27 12:12:50','2019-12-27 12:12:50',NULL);

/*Table structure for table `users` */

DROP TABLE IF EXISTS `users`;

CREATE TABLE `users` (
  `id` bigint(20) unsigned NOT NULL AUTO_INCREMENT,
  `name` varchar(255) COLLATE utf8mb4_unicode_ci NOT NULL,
  `role` varchar(255) COLLATE utf8mb4_unicode_ci NOT NULL,
  `email` varchar(171) COLLATE utf8mb4_unicode_ci NOT NULL,
  `password` varchar(255) COLLATE utf8mb4_unicode_ci NOT NULL,
  `created_at` timestamp NULL DEFAULT NULL,
  `updated_at` timestamp NULL DEFAULT NULL,
  `deleted_at` timestamp NULL DEFAULT NULL,
  PRIMARY KEY (`id`),
  UNIQUE KEY `users_email_unique` (`email`)
) ENGINE=InnoDB AUTO_INCREMENT=52 DEFAULT CHARSET=utf8mb4 COLLATE=utf8mb4_unicode_ci;

/*Data for the table `users` */

insert  into `users`(`id`,`name`,`role`,`email`,`password`,`created_at`,`updated_at`,`deleted_at`) values 
(1,'Rizky Puji Raharja','admin','rizky.rsj@gmail.com','$2y$10$OQospwdMAB.XSfktZgynDeJ.RM8C6C7UOsueZgHHeVqf7P5uuGN.C','2019-12-27 12:12:46','2019-12-27 12:12:46',NULL),
(2,'Hamima Puspita S.Gz','pelanggan','artawan27@usada.desa.id','$2y$10$t0m/.GJj0dwVIMf1cvjNv.2bHhkEl5PylFpB5V7Ulc4WS/IwB/5Cm','2019-12-27 12:12:46','2019-12-27 12:12:46',NULL),
(3,'Hani Laksmiwati S.Pd','pelanggan','wibisono.fitria@natsir.info','$2y$10$K.TZpJwyRW7e7u2yEqmhs.r4KJsn529x.ozU2V8jWSHDlALG7Cofu','2019-12-27 12:12:46','2019-12-27 12:12:46',NULL),
(4,'Daliman Daru Megantara','pelanggan','virman.kusmawati@budiyanto.id','$2y$10$JHiC/7VadbiN.N4kLIZ9HuoFcZX1K.NlBGt3qQ4O0W7CUmHf/SoKW','2019-12-27 12:12:46','2019-12-27 12:12:46',NULL),
(5,'Aditya Irawan S.Pt','pelanggan','rwinarno@mahendra.tv','$2y$10$J/BUIchibUIn.EruuBhV9e7HxjPufIOyRljl/OFAiJlXTX58lbr0.','2019-12-27 12:12:46','2019-12-27 12:12:46',NULL),
(6,'Septi Ira Puspita','pelanggan','widya.hutagalung@wasita.or.id','$2y$10$rt6hxFbZnUW0xLemuJ1/gedvLrHuCiMelfWrD0206RiEjEgjxGv6q','2019-12-27 12:12:46','2019-12-27 12:12:46',NULL),
(7,'Wage Galur Tamba S.E.I','pelanggan','yolanda.tari@yahoo.com','$2y$10$HHk9u.D8EmncENDY0EEa/e/7HBcHm7B5zjrLGo2LbGY/I7Kn1Iam6','2019-12-27 12:12:46','2019-12-27 12:12:46',NULL),
(8,'Emin Rajasa S.Kom','pelanggan','narpati.qori@pratiwi.sch.id','$2y$10$hrvlTWRWtHmBxW/N.61oRuuFbJs3TTUVtAsUppmGuiXLpfbJ2F5/K','2019-12-27 12:12:46','2019-12-27 12:12:46',NULL),
(9,'Mariadi Budiman','pelanggan','xnapitupulu@yahoo.co.id','$2y$10$vzo7Y2NNzVatLN6weuu2Cuk5ZXznNGOSCfJBcn/uvTc9cZiGcnhuG','2019-12-27 12:12:47','2019-12-27 12:12:47',NULL),
(10,'Eka Namaga','pelanggan','fujiati.irma@pertiwi.mil.id','$2y$10$yqqtj0w8GJMAdzalQrIa9.rl5piSkKkOXUOpEz.f.T95wQcnPtYhu','2019-12-27 12:12:47','2019-12-27 12:12:47',NULL),
(11,'Melinda Lestari','pelanggan','iharyanto@hariyah.co','$2y$10$dDN0HG/tFAcaruNJPqkLwu8Uu2P5C4eTHrLSvmfZeBOhN2eEaRuiK','2019-12-27 12:12:47','2019-12-27 12:12:47',NULL),
(12,'Opung Balidin Kusumo','pelanggan','marsito.yulianti@pudjiastuti.my.id','$2y$10$n6hUXnnExjADNhszOkBi1.1msnOyAXbb8G6qIq0YGfLW9eJkL/p.S','2019-12-27 12:12:47','2019-12-27 12:12:47',NULL),
(13,'Marsudi Suwarno','pelanggan','nasyidah.samsul@gmail.com','$2y$10$NCB2LgVg6ou7IHGyacdd2O/9MRHFFEWB9sinyvkpCzxIbY.Eoogi6','2019-12-27 12:12:47','2019-12-27 12:12:47',NULL),
(14,'Saadat Abyasa Gunarto','pelanggan','hani47@yahoo.com','$2y$10$4TPONWdpyEe7d6AVwyFsG.C5mBfKJcdgCAqBVvsayxecuh3MDTY/q','2019-12-27 12:12:47','2019-12-27 12:12:47',NULL),
(15,'Wawan Saptono','pelanggan','raden.suryatmi@gmail.co.id','$2y$10$thbL1d8GeTfxu9S4QqvsCe0NYTrDg/B5TYNbnbZwr3glkTxFHvZJS','2019-12-27 12:12:47','2019-12-27 12:12:47',NULL),
(16,'Manah Prayoga','pelanggan','gandi17@gmail.co.id','$2y$10$xY0g2td0Y47SeTErxGVIoekaqfv.kWIpDlEqq.TAknRsRoMT0mtYm','2019-12-27 12:12:47','2019-12-27 12:12:47',NULL),
(17,'Cager Iswahyudi','pelanggan','widya63@hastuti.mil.id','$2y$10$dm1D1aiKNIUJMrH6aSuDAOk1eaT/h8mYrC6t/8E792LAaSui8PhVG','2019-12-27 12:12:47','2019-12-27 12:12:47',NULL),
(18,'Qori Kartika Hastuti S.E.','pelanggan','taufik68@puspasari.id','$2y$10$b/xa5Mnq2OkquT3FVHRgR..gd/Vs0UeDdNx3o80SzSpCXMm1OnIUW','2019-12-27 12:12:47','2019-12-27 12:12:47',NULL),
(19,'Kasiyah Purnawati','pelanggan','kadir30@mahendra.biz','$2y$10$HsHcdF.qauOgBIEibqnsg.lX1XRWqDC0i60X6W4QwAK.psL0vGkH.','2019-12-27 12:12:47','2019-12-27 12:12:47',NULL),
(20,'Hardana Situmorang S.Gz','pelanggan','pmaryadi@gmail.co.id','$2y$10$U03JwV5zfKtagKc1ihdcse8hLRw1yf97I9HcSXms54RvzxRlaJjKa','2019-12-27 12:12:47','2019-12-27 12:12:47',NULL),
(21,'Usyi Hariyah','pelanggan','kamal.sitorus@hassanah.go.id','$2y$10$TBJSxFEkSUo7TZma9XJQK.wYfbu8lhqenANqKMiIu7t3RwNF6c6C2','2019-12-27 12:12:47','2019-12-27 12:12:47',NULL),
(22,'Icha Purnawati','pelanggan','melinda21@gmail.co.id','$2y$10$gy/.NotVvrigafAuNifQDeBKnoWRb6HGTRHROQVbVozXZY3KqJXt2','2019-12-27 12:12:48','2019-12-27 12:12:48',NULL),
(23,'Ade Sirait','pelanggan','nlatupono@oktaviani.web.id','$2y$10$l3UwRc90UL1ThkCfLF0sQuEyOtR3EzEnr8j4Ortv5/Ry16wBbbv0W','2019-12-27 12:12:48','2019-12-27 12:12:48',NULL),
(24,'Sabar Hakim','pelanggan','gamblang.maryati@astuti.name','$2y$10$0E9xWtk0F1v766VVD6UCDeL7dVoYea8uPJC.F1O6X5u/nariCm2wC','2019-12-27 12:12:48','2019-12-27 12:12:48',NULL),
(25,'Naradi Siregar','pelanggan','gaman.nashiruddin@puspasari.asia','$2y$10$yZcImJE9WMOKVPkbTNm6Q.N3AjxLEPRtunNK7.T1i1klBjNaoP1Dy','2019-12-27 12:12:48','2019-12-27 12:12:48',NULL),
(26,'Gasti Permata','pelanggan','jelita26@gmail.co.id','$2y$10$RQuDpbJCneAPc2SwGscmm.acq3dJfJmGTQgSMm/OjsBbRqd6Ucm4q','2019-12-27 12:12:48','2019-12-27 12:12:48',NULL),
(27,'Rahmi Purnawati','pelanggan','farah03@salahudin.co','$2y$10$0RuBNrlnu6FP0EDM2hmXteQ5Hu52.yYWzKqLWMBVHwjiOYhbfS.Ym','2019-12-27 12:12:48','2019-12-27 12:12:48',NULL),
(28,'Uli Andriani M.Kom.','pelanggan','inovitasari@farida.web.id','$2y$10$sksY7fWfiYJgNaIa5RPv1O4DFgVw2ExZtj/aiQ0T.ybZgYkx3oXeG','2019-12-27 12:12:48','2019-12-27 12:12:48',NULL),
(29,'Dalima Wahyuni','pelanggan','utami.hadi@nashiruddin.info','$2y$10$IaBMv6DvyOltuEwwXpWa7uGmCFO2X0P9SKK33Cr.70qrqjYFQVoEi','2019-12-27 12:12:48','2019-12-27 12:12:48',NULL),
(30,'Ratih Hariyah','pelanggan','viktor.budiyanto@anggraini.biz.id','$2y$10$/98JoVaQPNClp1X2bPJbCO3BzZO6bc/5WHs1jqucfCUySq/DaydwK','2019-12-27 12:12:48','2019-12-27 12:12:48',NULL),
(31,'Bella Permata','pelanggan','nuraini.salsabila@yahoo.co.id','$2y$10$VBpI/EwxyNWGngTVg4Zi6uz/axNkxH/NSK6xmoX5vT9Yadwc9zrZi','2019-12-27 12:12:48','2019-12-27 12:12:48',NULL),
(32,'Mustofa Saptono','pelanggan','danuja59@gmail.com','$2y$10$Bk.DGMwxY3DcJO79ce5iXOIGM9PaQlaXdKqCOSHcTIlIjG1tv5hpa','2019-12-27 12:12:48','2019-12-27 12:12:48',NULL),
(33,'Cager Utama','pelanggan','julia19@wasita.asia','$2y$10$.RZnb.p0YlupKebJP953Tu57n1x4BlnOr53tq42NWbfmU0z8auKRi','2019-12-27 12:12:48','2019-12-27 12:12:48',NULL),
(34,'Uchita Wastuti','pelanggan','nsusanti@gmail.co.id','$2y$10$lwRTkBNM2LYNSNSO0D7Ph.g103ug1pqeiOpqov3ztX9s73gYMtvQS','2019-12-27 12:12:48','2019-12-27 12:12:48',NULL),
(35,'Jindra Kusumo','pelanggan','ehidayanto@gmail.com','$2y$10$03hQzyh23kh9lbNgnRr/sulUsEG1HbHuDpolK07GvuuESCQdKVprm','2019-12-27 12:12:49','2019-12-27 12:12:49',NULL),
(36,'Dwi Kemal Halim','pelanggan','intan.riyanti@sirait.ac.id','$2y$10$s.Nq31kelN24.B/378Kfu.jJlXKlLKB2cLry/SA.mMSPWT11n9zoC','2019-12-27 12:12:49','2019-12-27 12:12:49',NULL),
(37,'Ajiono Hakim M.Farm','pelanggan','rama.pertiwi@yahoo.co.id','$2y$10$9O5KA1t2w4C7bIYw59Blo.Wc813ii0yY1M5GjWEYsHTraegNcvor.','2019-12-27 12:12:49','2019-12-27 12:12:49',NULL),
(38,'Ibun Estiawan Manullang M.Kom.','pelanggan','pardi01@prayoga.net','$2y$10$aA4X7v7ZaS7OdoyGR/7wu.bdBLDTJPySSfyRjYoV4xy/AgqBcNdGy','2019-12-27 12:12:49','2019-12-27 12:12:49',NULL),
(39,'Mulyanto Gunarto','pelanggan','azalea.mayasari@handayani.or.id','$2y$10$LLQ4T1yj5Byefbp0e4EG.uWT6cmFxmDSMyALI43kvdBba/J35mYYy','2019-12-27 12:12:49','2019-12-27 12:12:49',NULL),
(40,'Harsanto Wahyudin M.Farm','pelanggan','gara.rahmawati@purwanti.asia','$2y$10$UAnLiYU7OsqfCSlXRVWiy.JTch1SoRQoJAZrgYaIYzl21bJWyX.k6','2019-12-27 12:12:49','2019-12-27 12:12:49',NULL),
(41,'Wirda Puspasari','pelanggan','sitorus.mariadi@samosir.com','$2y$10$AOW/HSJb9VjLKa7qJQDmmuMBxpfrKrvezvp3MBLsyX9.D8E3wuKma','2019-12-27 12:12:49','2019-12-27 12:12:49',NULL),
(42,'Chelsea Safitri','pelanggan','hariyah.gilda@yahoo.co.id','$2y$10$4AGyaF0Cg7vWOEqtjhLIROO1zMlVIWv49JJp8FckAeMoshPXUUr6C','2019-12-27 12:12:49','2019-12-27 12:12:49',NULL),
(43,'Gasti Purwanti','pelanggan','teddy47@maryati.asia','$2y$10$iytQSqmEncdVh6lbnnjOOO1Fw6qHd6RN15P/Zr79D.M4DJWFy/3TS','2019-12-27 12:12:49','2019-12-27 12:12:49',NULL),
(44,'Kuncara Simanjuntak S.Kom','pelanggan','ghaliyati64@anggraini.biz.id','$2y$10$yJYbOhQ3G4g/YhdNyKFvI.1R7hRnRipK2HwNduRFS0gg6hHTTXzCm','2019-12-27 12:12:49','2019-12-27 12:12:49',NULL),
(45,'Nova Yuniar','pelanggan','ayu.zulkarnain@yahoo.com','$2y$10$PA0mZ9ypKRKHNad/dRX0BO5mtunkODXgtKZ0kQamrI4Y1zKx7ji1m','2019-12-27 12:12:49','2019-12-27 12:12:49',NULL),
(46,'Lala Kuswandari S.IP','pelanggan','ganep.haryanto@yahoo.co.id','$2y$10$GqE7JIWmCXGklP0YPzWZ2ey26SFzhlNu22ToaFfpl9ZetVgJPg5wq','2019-12-27 12:12:49','2019-12-27 12:12:49',NULL),
(47,'Okta Hutapea S.Pd','pelanggan','megantara.wira@gmail.com','$2y$10$3ijilbTjUkwWMtZtBB5t2ObTppUYYyrMmxUo6APeKojQwRaAOviUm','2019-12-27 12:12:49','2019-12-27 12:12:49',NULL),
(48,'Genta Kusmawati','pelanggan','novitasari.maimunah@gmail.com','$2y$10$.BAcvYV0rlbN3PIBxOCDkuTaH0HC/SSESV4wcUnDOfhHVTWzb7WPe','2019-12-27 12:12:49','2019-12-27 12:12:49',NULL),
(49,'Ozy Latupono','pelanggan','melani.bahuwirya@mansur.biz.id','$2y$10$Pyz0mGZmWcssOWb/qSSVwuvP0r7sX3bqFcy0222G7uJ.NuybVrRwK','2019-12-27 12:12:50','2019-12-27 12:12:50',NULL),
(50,'Darmanto Ganjaran Situmorang S.I.Kom','pelanggan','simanjuntak.edward@gmail.co.id','$2y$10$/qRwns/uWHVgQSjoJ1nqh.mVpVGd.5mUrTkHGvUEh4JEJu09KXj9q','2019-12-27 12:12:50','2019-12-27 12:12:50',NULL),
(51,'Salwa Utami S.Gz','pelanggan','vhariyah@gmail.com','$2y$10$1/O.GS8EsgK1nNhxtpHRcODlBCNiZErxw8JhWbESx/jiV7C96rDqW','2019-12-27 12:12:50','2019-12-27 12:12:50',NULL);

/*!40101 SET SQL_MODE=@OLD_SQL_MODE */;
/*!40014 SET FOREIGN_KEY_CHECKS=@OLD_FOREIGN_KEY_CHECKS */;
/*!40014 SET UNIQUE_CHECKS=@OLD_UNIQUE_CHECKS */;
/*!40111 SET SQL_NOTES=@OLD_SQL_NOTES */;
